¶mÂí¥«°Ï,¯²¸î¼Ðªº,¤g¦a°Ï¬q¦ì¸m©Î«Øª«°ÏªùµP,¯²¸îÁ`­±¿n¥­¤è¤½¤Ø,³£¥«¤g¦a¨Ï¥Î¤À°Ï,«D³£¥«¤g¦a¨Ï¥Î¤À°Ï,«D³£¥«¤g¦a¨Ï¥Î½s©w,¯²¸î¦~¤ë,¯²¸îµ§´É¼Æ,¯²¸î¼h¦¸,Á`¼Ó¼h¼Æ,«Øª««¬ºA,¥D­n¥Î³~,¥D­n«Ø§÷,«Ø¿v§¹¦¨¦~¤ë,¯²¸îÁ`­±¿n¥­¤è¤½¤Ø,«Øª«²{ªp®æ§½-©Ð,«Øª«²{ªp®æ§½-ÆU,«Øª«²{ªp®æ§½-½Ã,«Øª«²{ªp®æ§½-¹j¶¡,¦³µLºÞ²z²ÕÂ´,¦³µLªþ³Ã­Ñ,Á`ÃB¤¸,³æ»ù¨C¥­¤è¤½¤Ø,¨®¦ìÃþ§O,¯²¸îÁ`­±¿n¥­¤è¤½¤Ø,¯²ª÷Á`ÃB¤¸,³Æµù,½s¸¹
»ñ¤s°Ï,©Ð¦a(¤g¦a+«Øª«),°ª¶¯¥«»ñ¤s°Ï«C¦~¸ô¤@¬q301~330¸¹,67.0,°Ó,,,10411,¤g¦a2«Øª«1¨®¦ì0,¨£¨ä¥Lµn°O¨Æ¶µ,3,©±­±(©±¾Q),¦í°Ó¥Î,¥[±j¿j³y,0630524,150.4,6,1,3,¦³,µL,µL,26000,173,,0.0,0,,RPPNMLLJJIKFFGE67CC
»ñ¤s°Ï,©Ð¦a(¤g¦a+«Øª«),°ª¶¯¥«»ñ¤s°Ï¤å·µµó61~90¸¹,14.99,¦í,,,10410,¤g¦a1«Øª«1¨®¦ì0,¤Q¤@¼h,15,¦í¦v¤j¼Ó(11¼h§t¥H¤W¦³¹q±è),¨£¨ä¥Lµn°O¨Æ¶µ,¿ûµ¬²V¾®¤g³y,1000912,46.27,2,2,1,¦³,¦³,µL,15000,324,,0.0,0,,RPTNMLMJJIKFFGE18CC
¤T¥Á°Ï,«Øª«,°ª¶¯¥«¤T¥Á°Ï«Ø°ê¤T¸ô271~300¸¹,0.0,°Ó,,,10410,¤g¦a0«Øª«1¨®¦ì0,¤T¼h,12,¦í¦v¤j¼Ó(11¼h§t¥H¤W¦³¹q±è),°Ó·~¥Î,¿ûµ¬²V¾®¤g³y,0831101,59.21,0,0,0,µL,¦³,¦³,8000,135,,0.0,0,,RPRPMLMJJIKFFDE87CC
¥ªÀç°Ï,«Øª«,°ª¶¯¥«¥ªÀç°Ï·s¤Uµó7«Ñ12§Ë31~60¸¹,80.0,¦í,,,10410,¤g¦a0«Øª«1¨®¦ì0,¥þ,3,³z¤Ñ­í,,¿ûµ¬²V¾®¤g³y,0700411,160.17,0,0,0,µL,µL,µL,14000,87,,0.0,0,,RPOOMLMJJIKFFEE57CC
¥ªÀç°Ï,«Øª«,°ª¶¯¥«¥ªÀç°Ï¨¯¥è¸ô211~240¸¹,135.0,¦í,,,10410,¤g¦a0«Øª«1¨®¦ì0,¥þ,5,³z¤Ñ­í,¦í°Ó¥Î,¿ûµ¬²V¾®¤g³y,0960706,21.69,1,1,1,¦³,µL,¦³,6000,277,,0.0,0,,RPPOMLMJJIKFFEE67CC
¥ªÀç°Ï,©Ð¦a(¤g¦a+«Øª«),°ª¶¯¥«¥ªÀç°ÏºaÁ`¸ô183«Ñ1~30¸¹,8.52,¦í,,,10410,¤g¦a1«Øª«1¨®¦ì0,¤@¼h,14,¦í¦v¤j¼Ó(11¼h§t¥H¤W¦³¹q±è),¦í°Ó¥Î,¿ûµ¬²V¾®¤g³y,0950629,88.52,0,0,0,µL,µL,¦³,19000,215,,0.0,0,,RPUOMLMJJIKFFEE18CC
¥ªÀç°Ï,«Øª«,°ª¶¯¥«¥ªÀç°Ï¥ß¤å¸ô61~90¸¹,0.0,,,,10410,¤g¦a0«Øª«1¨®¦ì0,¤Q¤K¼h,19,¿ì¤½°Ó·~¤j¼Ó,¨£¨ä¥¦µn°O¨Æ¶µ,¿ûµ¬²V¾®¤g³y,0790326,70.15,0,0,0,µL,¦³,µL,11000,157,,0.0,0,,RPQPMLMJJIKFFEE87CC
¹ª¤s°Ï,©Ð¦a(¤g¦a+«Øª«),°ª¶¯¥«¹ª¤s°Ï¬ü³NªF¥|¸ô1~30¸¹,161.1,¦í,,,10410,¤g¦a1«Øª«1¨®¦ì0,¥þ,5,³z¤Ñ­í,¦í®a¥Î,¿ûµ¬²V¾®¤g³y,0921210,103.11,0,0,0,µL,µL,¦³,30000,291,,0.0,0,,RPTNMLMJJIKFFAE57CC
·s¿³°Ï,©Ð¦a(¤g¦a+«Øª«),°ª¶¯¥«·s¿³°Ï¤»¦X¤@¸ô31~60¸¹,59.0,°Ó,,,10411,¤g¦a1«Øª«1¨®¦ì0,¥þ,3,³z¤Ñ­í,,¥[±j¿j³y,0571101,156.24,0,0,0,µL,µL,¦³,30000,192,,0.0,0,,RPVNMLMJJIKFFBE87CC
­d¶®°Ï,«Øª«,°ª¶¯¥«­d¶®°Ï¤¤¥¿¤@¸ô301~330¸¹,0.0,,,,10410,¤g¦a0«Øª«1¨®¦ì0,¤T¼h,12,¿ì¤½°Ó·~¤j¼Ó,°Ó·~¥Î,¿ûµ¬²V¾®¤g³y,0800722,128.73,0,0,0,µL,¦³,µL,12000,93,,0.0,0,,RPWNMLMJJIKFFBE97CC
·s¿³°Ï,«Øª«,°ª¶¯¥«·s¿³°Ï¤¤¤s¤@¸ô91~120¸¹,0.0,,,,10410,¤g¦a0«Øª«1¨®¦ì0,¤K¼h,10,¿ì¤½°Ó·~¤j¼Ó,,¿ûµ¬²V¾®¤g³y,0651124,77.36,0,0,0,µL,¦³,µL,12000,155,,0.0,0,,RPXNMLMJJIKFFBE08CC
¤p´ä°Ï,©Ð¦a(¤g¦a+«Øª«),°ª¶¯¥«¤p´ä°Ïº~¥Á¸ô151~180¸¹,83.0,¦í,,,10411,¤g¦a1«Øª«1¨®¦ì0,¥þ,3,³z¤Ñ­í,,¿ûµ¬²V¾®¤g³y,0680629,160.4,3,2,3,¦³,µL,µL,22000,137,,0.0,0,,RPVNMLMJJIKFFCE97CC
«eÂí°Ï,©Ð¦a(¤g¦a+«Øª«),°ª¶¯¥««eÂí°Ï·ç©Mµó181~210¸¹,189.0,°Ó,,,10411,¤g¦a1«Øª«1¨®¦ì0,¥þ,3,³z¤Ñ­í,¦í°Ó¥Î,¿ûµ¬²V¾®¤g³y,0640726,460.32,2,2,4,¦³,µL,¦³,71500,155,,0.0,0,,RPTPMLMJJIKFFCE97CC
«eÂí°Ï,«Øª«,°ª¶¯¥««eÂí°ÏºÞ¥ò«n¸ô391~420¸¹,0.0,°Ó,,,10410,¤g¦a0«Øª«1¨®¦ì1,¤T¼h,15,¦í¦v¤j¼Ó(11¼h§t¥H¤W¦³¹q±è),¦í®a¥Î,¿ûµ¬²V¾®¤g³y,0941228,154.41,2,1,2,¦³,¦³,¦³,20000,130,©Y¹D¾÷±ñ,28.48,0,,RPWPMLMJJIKFFCE28CC
©£¤s°Ï,«Øª«,°ª¶¯¥«©£¤s°Ï¹ØµØ¸ô31~60¸¹,651.0,¦í,,,10410,¤g¦a0«Øª«1¨®¦ì0,¤@¼h,1,©±­±(©±¾Q),°Ó·~¥Î,¿û³y,0810419,405.67,0,0,0,µL,µL,¦³,100000,247,,0.0,0,,RPQNMLMJJIKFFFE77CC
¤j¼d°Ï,©Ð¦a(¤g¦a+«Øª«),°ª¶¯¥«¤j¼d°Ï»ñªL¤T¸ô391~420¸¹,26.0,¦í,,,10410,¤g¦a1«Øª«1¨®¦ì0,¥þ,2,³z¤Ñ­í,¦í°Ó¥Î,¥[±j¿j³y,0600610,142.48,2,0,0,µL,µL,µL,15000,105,,0.0,0,¯²¤@¼Ó«e¥b¬q©±­±.¥HÀð¾À¬°¬É,RPRNMLNJJIKFFLE68DC
«eÂí°Ï,©Ð¦a(¤g¦a+«Øª«),°ª¶¯¥««eÂí°Ïªb¦¿µó121~150¸¹,6.06,¦í,,,10410,¤g¦a1«Øª«1¨®¦ì0,¤G¤Q¥|¼h,27,¦í¦v¤j¼Ó(11¼h§t¥H¤W¦³¹q±è),¦í®a¥Î,¿ûµ¬²V¾®¤g³y,0860527,153.7,4,2,2,¦³,¦³,¦³,15000,98,,0.0,0,,RPTNMLNJJIKFFCE87CC
«eÂí°Ï,«Øª«,°ª¶¯¥««eÂí°Ï¥úµØ¤T¸ô241~270¸¹,0.0,,,,10410,¤g¦a0«Øª«1¨®¦ì1,¤E¼h,15,¦í¦v¤j¼Ó(11¼h§t¥H¤W¦³¹q±è),¦í®a¥Î,¿ûµ¬²V¾®¤g³y,0950302,203.87,4,2,2,¦³,¦³,¦³,19000,93,©Y¹D¥­­±,0.0,0,¯²ª÷§t®a¨ã®a¹q¤Î1­Ó¨T¨®¦ì1­Ó¾÷¨®¦ì,RPWNMLNJJIKFFCE18CC
·s¿³°Ï,«Øª«,°ª¶¯¥«·s¿³°Ï¿³µØ¸ô61~90¸¹,0.0,¦í,,,10411,¤g¦a0«Øª«1¨®¦ì0,¥|¼h,15,¦í¦v¤j¼Ó(11¼h§t¥H¤W¦³¹q±è),¦í®a¥Î,¿ûµ¬²V¾®¤g³y,0960413,139.36,3,2,2,¦³,µL,¦³,20000,144,,0.0,0,,RPTNMLNJJIKFFBE77CC
¹ª¤s°Ï,©Ð¦a(¤g¦a+«Øª«),°ª¶¯¥«¹ª¤s°ÏÀs³Ó¸ô1~30¸¹,7.65,¦í,,,10411,¤g¦a1«Øª«1¨®¦ì0,¤Q¥|¼h,14,¦í¦v¤j¼Ó(11¼h§t¥H¤W¦³¹q±è),¦í®a¥Î,¿ûµ¬²V¾®¤g³y,0950414,84.31,2,1,1,¦³,¦³,¦³,14594,173,,0.0,0,,RPWNMLNJJIKFFAE97CC
¹ª¤s°Ï,«Øª«,°ª¶¯¥«¹ª¤s°Ï¸Î¸Û¸ô1081~1110¸¹,0.0,,,,10410,¤g¦a0«Øª«1¨®¦ì0,¤Q¤G¼h,12,¿ì¤½°Ó·~¤j¼Ó,°Ó·~¥Î,¿ûµ¬²V¾®¤g³y,0790216,150.74,0,0,0,µL,¦³,µL,18000,119,,0.0,0,,RPQOMLNJJIKFFAE47CC
¥ªÀç°Ï,©Ð¦a(¤g¦a+«Øª«),°ª¶¯¥«¥ªÀç°Ï·sºaµó151~180¸¹,24.88,¦í,,,10410,¤g¦a1«Øª«1¨®¦ì0,¤E¼h,11,¦í¦v¤j¼Ó(11¼h§t¥H¤W¦³¹q±è),¦í®a¥Î,¿ûµ¬²V¾®¤g³y,0940131,177.98000000000002,3,2,2,¦³,¦³,¦³,30000,169,,0.0,0,,RPWOMLNJJIKFFEE48CC
¥ªÀç°Ï,©Ð¦a(¤g¦a+«Øª«)+¨®¦ì,°ª¶¯¥«¥ªÀç°Ï·sºaµó151~180¸¹,24.88,¦í,,,10410,¤g¦a1«Øª«1¨®¦ì1,¤G¼h,11,¦í¦v¤j¼Ó(11¼h§t¥H¤W¦³¹q±è),¦í®a¥Î,¿ûµ¬²V¾®¤g³y,0940131,179.39,3,2,2,¦³,¦³,¦³,30000,167,©Y¹D¥­­±,31.28,0,,RPXOMLNJJIKFFEE58CC
¥ªÀç°Ï,«Øª«,°ª¶¯¥«¥ªÀç°Ï´I°ê¸ô181~210¸¹,0.0,,,,10410,¤g¦a0«Øª«1¨®¦ì1,¤­¼h,20,¿ì¤½°Ó·~¤j¼Ó,¨£¨ä¥¦µn°O¨Æ¶µ,¨£¨ä¥¦µn°O¨Æ¶µ,0811210,429.09,0,0,0,µL,¦³,µL,40000,93,¤É­°¥­­±,0.0,0,¯²ª÷§t1­Ó¨®¦ì,RPQPMLNJJIKFFEE97CC
¤T¥Á°Ï,©Ð¦a(¤g¦a+«Øª«),°ª¶¯¥«¤T¥Á°Ï¥Á±Ú¤@¸ô543«Ñ1~30¸¹,11.0,¦í,,,10411,¤g¦a1«Øª«1¨®¦ì0,¤»¼h,13,¦í¦v¤j¼Ó(11¼h§t¥H¤W¦³¹q±è),¦í®a¥Î,¿ûµ¬²V¾®¤g³y,0850528,125.79,3,2,2,¦³,¦³,µL,13000,103,,0.0,0,,RPQNMLNJJIKFFDE67CC
¤T¥Á°Ï,«Øª«,°ª¶¯¥«¤T¥Á°Ï¤Q¥þ¤@¸ô61~90¸¹,0.0,°Ó,,,10410,¤g¦a0«Øª«1¨®¦ì0,¥þ,3,³z¤Ñ­í,,¥[±j¿j³y,0620130,107.91,0,0,0,µL,µL,µL,50000,463,,0.0,0,,RPSNMLNJJIKFFDE87CC
¤T¥Á°Ï,«Øª«,°ª¶¯¥«¤T¥Á°Ï¤»¦X¸ô1~30¸¹,0.0,°Ó,,,10411,¤g¦a0«Øª«1¨®¦ì0,¥þ,2,³z¤Ñ­í,¦í®a¥Î,¥[±j¿j³y,0600427,120.94,2,2,2,¦³,µL,µL,18000,149,,0.0,0,,RPUNMLNJJIKFFDE08CC
¤T¥Á°Ï,©Ð¦a(¤g¦a+«Øª«),°ª¶¯¥«¤T¥Á°ÏÄ±¥Á¸ô99«Ñ1~30¸¹,1491.0,¦í,,,10410,¤g¦a1«Øª«1¨®¦ì0,¤»¼h,9,µØ·H(10¼h§t¥H¤U¦³¹q±è),¦í®a¥Î,¿ûµ¬²V¾®¤g³y,0821021,123.34,3,2,2,¦³,¦³,µL,12000,97,,0.0,0,,RPUOMLOJJIKFFDE28CC
¥ªÀç°Ï,«Øª«,°ª¶¯¥«¥ªÀç°Ï¥ý³Ó¸ô91~120¸¹,0.0,,,,10410,¤g¦a0«Øª«1¨®¦ì0,¤@¼h,15,¦í¦v¤j¼Ó(11¼h§t¥H¤W¦³¹q±è),¦í°Ó¥Î,¿ûµ¬²V¾®¤g³y,0960402,154.7,0,0,0,µL,µL,µL,26000,168,,0.0,0,,RPQOMLOJJIKFFEE97CC
«eª÷°Ï,©Ð¦a(¤g¦a+«Øª«),°ª¶¯¥««eª÷°Ï¦Û±j¤T¸ô211~240¸¹,84.0,°Ó,,,10410,¤g¦a1«Øª«1¨®¦ì0,¥þ,3,³z¤Ñ­í,,¥[±j¿j³y,0540715,226.39,0,0,0,µL,µL,µL,52000,230,,0.0,0,,RPSNMLOJJIKFFAE67CC
¹ª¤s°Ï,«Øª«,°ª¶¯¥«¹ª¤s°Ï¤j¶¶¤@¸ô931~960¸¹,10.11,,,,10410,¤g¦a0«Øª«1¨®¦ì0,¤C¼h,20,¦í¦v¤j¼Ó(11¼h§t¥H¤W¦³¹q±è),¦í®a¥Î,¿ûµ¬²V¾®¤g³y,0840302,119.09,3,2,2,¦³,¦³,µL,14000,118,,0.0,0,,RPTNMLOJJIKFFAE77CC
­d¶®°Ï,«Øª«,°ª¶¯¥«­d¶®°Ï¤¤¤s¤G¸ô331~360¸¹,0.0,,,,10410,¤g¦a0«Øª«1¨®¦ì0,¥þ,4,³z¤Ñ­í,,¿ûµ¬²V¾®¤g³y,0630219,40.14,0,0,0,µL,µL,µL,25000,623,,0.0,0,,RPRNMLOJJIKFFBE67CC
­d¶®°Ï,«Øª«,°ª¶¯¥«­d¶®°Ï´_¿³¤G¸ô1~30¸¹,0.0,,,,10410,¤g¦a0«Øª«1¨®¦ì0,¥þ,3,³z¤Ñ­í,¦í°Ó¥Î,¥[±j¿j³y,0610609,183.18,0,0,0,µL,µL,µL,30000,164,,0.0,0,,RPSNMLOJJIKFFBE77CC
·s¿³°Ï,©Ð¦a(¤g¦a+«Øª«),°ª¶¯¥«·s¿³°Ï¥Á¥D¸ô31~60¸¹,9.04,°Ó,,,10410,¤g¦a1«Øª«1¨®¦ì0,¤E¼h,14,¦í¦v¤j¼Ó(11¼h§t¥H¤W¦³¹q±è),¦í®a¥Î,¿ûµ¬²V¾®¤g³y,0910403,79.66,2,2,1,¦³,¦³,¦³,14500,182,,0.0,0,,RPOOMLOJJIKFFBE47CC
«eÂí°Ï,«Øª«,°ª¶¯¥««eÂí°Ï¤å¾î¤T¸ô181~210¸¹,0.0,,,,10410,¤g¦a0«Øª«1¨®¦ì0,¤@¼h,5,¤½´J(5¼Ó§t¥H¤UµL¹q±è),,¿ûµ¬²V¾®¤g³y,0640505,183.68,0,0,0,µL,µL,µL,95000,517,,0.0,0,,RPRNMLOJJIKFFCE77CC
«eÂí°Ï,«Øª«,°ª¶¯¥««eÂí°Ï¤T¦h¤T¸ô121~150¸¹,0.0,,,,10410,¤g¦a0«Øª«1¨®¦ì0,¤C¼h,,¦í¦v¤j¼Ó(11¼h§t¥H¤W¦³¹q±è),,,,39.84,1,1,1,¦³,µL,¦³,5500,138,,0.0,0,,RPSNMLOJJIKFFCE87CC
«eÂí°Ï,«Øª«,°ª¶¯¥««eÂí°ÏªZ¼y¤@¸ô121~150¸¹,0.0,,,,10410,¤g¦a0«Øª«1¨®¦ì0,¤C¼h,14,¦í¦v¤j¼Ó(11¼h§t¥H¤W¦³¹q±è),¦í®a¥Î,¿ûµ¬²V¾®¤g³y,0980722,86.78,2,1,1,¦³,µL,µL,15000,173,,0.0,0,,RPTNMLOJJIKFFCE97CC
«eÂí°Ï,«Øª«,°ª¶¯¥««eÂí°Ï¤T¦h¤T¸ô151~180¸¹,0.0,,,,10410,¤g¦a0«Øª«1¨®¦ì0,¤@¼h,4,¤½´J(5¼Ó§t¥H¤UµL¹q±è),,¿ûµ¬²V¾®¤g³y,0640505,213.34,0,0,0,µL,µL,¦³,65000,305,,0.0,0,,RPVNMLOJJIKFFCE18CC
«eÂí°Ï,«Øª«,°ª¶¯¥««eÂí°Ï­×¤åµó121~150¸¹,0.0,,,,10410,¤g¦a0«Øª«1¨®¦ì0,¤@¼h,5,¤½´J(5¼Ó§t¥H¤UµL¹q±è),¦í®a¥Î,¿ûµ¬²V¾®¤g³y,0760922,159.19,0,0,0,µL,µL,µL,30000,188,,0.0,0,,RPWNMLOJJIKFFCE28CC
·s¿³°Ï,©Ð¦a(¤g¦a+«Øª«),°ª¶¯¥«·s¿³°Ï©¾§µ¤@¸ô69«Ñ1~30¸¹,49.88,°Ó,,,10410,¤g¦a1«Øª«1¨®¦ì0,¤@¼h,4,¤½´J(5¼Ó§t¥H¤UµL¹q±è),,¿ûµ¬²V¾®¤g³y,0640419,114.44,4,2,2,¦³,µL,µL,17000,149,,0.0,0,,RPROMLOJJIKFFBE87DC
¤j¼d°Ï,¤g¦a,¿j¤l›÷¬q2131~2160¦a¸¹,330.57,¹A,,,10410,¤g¦a1«Øª«0¨®¦ì0,,,¨ä¥L,,,,0.0,0,0,0,¦³,µL,µL,25556,77,,0.0,0,,RPQNMLPJJIKFFLE68CC
¤¯ªZ°Ï,¤g¦a,¦Ë¶é¬q1411~1440¦a¸¹,1605.0,¹A,,,10410,¤g¦a1«Øª«0¨®¦ì0,,,¨ä¥L,,,,0.0,0,0,0,¦³,µL,µL,66000,41,,0.0,0,,RPQNMLPJJIKFFIE38CC
­d¶®°Ï,©Ð¦a(¤g¦a+«Øª«),°ª¶¯¥«­d¶®°ÏªL´Ë¤G¸ô17«Ñ1~30¸¹,15.9,¦í,,,10411,¤g¦a1«Øª«1¨®¦ì0,¤G¼h,5,¤½´J(5¼Ó§t¥H¤UµL¹q±è),,¿ûµ¬²V¾®¤g³y,0690129,59.85,1,2,1,¦³,µL,µL,13000,217,,0.0,0,,RPTNMLPJJIKFFBE97CC
¹ª¤s°Ï,©Ð¦a(¤g¦a+«Øª«),°ª¶¯¥«¹ª¤s°Ï¬ü³N«n¤­µó181~210¸¹,11.15,¦í,,,10411,¤g¦a1«Øª«1¨®¦ì0,¤G¼h,14,¦í¦v¤j¼Ó(11¼h§t¥H¤W¦³¹q±è),¦í®a¥Î,¿ûµ¬²V¾®¤g³y,0940616,87.7,2,2,1,¦³,¦³,¦³,14000,160,,0.0,0,,RPTOMLPJJIKFFAE97CC
¹ª¤s°Ï,«Øª«,°ª¶¯¥«¹ª¤s°Ï«n«Ì¸ô511~540¸¹,0.0,°Ó,,,10410,¤g¦a0«Øª«1¨®¦ì0,¨£¨ä¥¦µn°O¨Æ¶µ,16,©±­±(©±¾Q),¦í°Ó¥Î,¿ûµ¬²V¾®¤g³y,0841011,106.0,0,0,0,µL,¦³,µL,40000,377,,0.0,0,,RPQPMLPJJIKFFAE77CC
·£±ê°Ï,«Øª«,°ª¶¯¥«·£±ê°Ï¤j¾Ç25¸ô121~150¸¹,19.09,,,,10409,¤g¦a0«Øª«1¨®¦ì0,¤Q¤G¼h,15,¦í¦v¤j¼Ó(11¼h§t¥H¤W¦³¹q±è),¦í®a¥Î,¨£¨ä¥¦µn°O¨Æ¶µ,1030708,119.66,2,2,1,¦³,µL,¦³,15000,125,©Y¹D¥­­±,0.0,0,¯²ª÷§tºÞ²z¶O¡A¤£§t¤ô¹q¥Ë´µ¶O¡Aºô¸ô²Ä¥|¥x¥Ñ©Ó¯²¤H¦Û¦æ¥Ó¸ËÃº¶O¡C¯²«Î¤£±o¹Hªk¨Ï¥Î¡A¦p¦³¹Hªk¤ÎÂZ¾F¡A¦X¬ù¸Ñ°£¡A¨S¦¬©ãª÷¡C,RPQNMLPJJIKFFEE97CC
¤T¥Á°Ï,©Ð¦a(¤g¦a+«Øª«),°ª¶¯¥«¤T¥Á°Ï¤j¿³µó91~120¸¹,20.13,¦í,,,10411,¤g¦a1«Øª«1¨®¦ì0,¤Q¥|¼h,15,¦í¦v¤j¼Ó(11¼h§t¥H¤W¦³¹q±è),¦í®a¥Î,¿ûµ¬²V¾®¤g³y,0830121,117.0,3,2,2,¦³,¦³,¦³,10000,85,,0.0,0,,RPVNMLPJJIKFFDE38CC
¥ªÀç°Ï,«Øª«,°ª¶¯¥«¥ªÀç°Ï³Õ·R¤T¸ô1~30¸¹,0.0,,,,10411,¤g¦a0«Øª«1¨®¦ì0,¨£¨Ï¥Î°õ·Ó,2,¨ä¥L,¨£¨ä¥¦µn°O¨Æ¶µ,¥[±j¿j³y,0951030,84.23,0,0,0,µL,µL,µL,36000,427,,0.0,0,³»¼Ó¬ÝªOA+B+C,RPSNMLQJJIKFFEE28CC
¥ªÀç°Ï,«Øª«,°ª¶¯¥«¥ªÀç°Ï·sºaµó121~150¸¹,26.6,¦í,,,10410,¤g¦a0«Øª«1¨®¦ì0,¤Q¤»¼h,28,¦í¦v¤j¼Ó(11¼h§t¥H¤W¦³¹q±è),¦í®a¥Î,¨£¨ä¥¦µn°O¨Æ¶µ,1030704,314.88,4,2,2,¦³,µL,¦³,56500,179,,0.0,0,,RPSOMLQJJIKFFEE38CC
­d¶®°Ï,«Øª«,°ª¶¯¥«­d¶®°Ï¥|ºû¤T¸ô241~270¸¹,0.0,,,,10411,¤g¦a0«Øª«1¨®¦ì0,¤E¼h,12,¿ì¤½°Ó·~¤j¼Ó,,¿ûµ¬²V¾®¤g³y,0781109,43.24,0,0,0,µL,¦³,µL,7000,162,,0.0,0,,RPWNMLQJJIKFFBE38CC
«eÂí°Ï,©Ð¦a(¤g¦a+«Øª«),°ª¶¯¥««eÂí°Ï¤@¤ß¤G¸ô181~210¸¹,2.28,°Ó,,,10410,¤g¦a1«Øª«1¨®¦ì0,¥|¼h,20,¦í¦v¤j¼Ó(11¼h§t¥H¤W¦³¹q±è),¦í®a¥Î,¿ûµ¬²V¾®¤g³y,0831001,38.5,1,1,1,¦³,¦³,¦³,6500,169,,0.0,0,,RPRNMLQJJIKFFCE97CC
«eÂí°Ï,«Øª«,°ª¶¯¥««eÂí°Ï¥úµØ¤T¸ô211~240¸¹,0.0,,,,10410,¤g¦a0«Øª«1¨®¦ì1,¤T¼h,15,¦í¦v¤j¼Ó(11¼h§t¥H¤W¦³¹q±è),¦í®a¥Î,¿ûµ¬²V¾®¤g³y,0941228,143.88,3,2,2,¦³,¦³,¦³,20500,142,©Y¹D¾÷±ñ,10.72,0,,RPXNMLQJJIKFFCE58CC
«eÂí°Ï,©Ð¦a(¤g¦a+«Øª«),°ª¶¯¥««eÂí°Ï­×¤å¸ô151~180¸¹,25.29,¦í,,,10411,¤g¦a1«Øª«1¨®¦ì0,¤G¼h,5,¤½´J(5¼Ó§t¥H¤UµL¹q±è),,¿ûµ¬²V¾®¤g³y,0741213,82.92,3,2,1,¦³,µL,¦³,13500,163,,0.0,0,,RPPNMLTJJIKFFCE08CC
«eÂí°Ï,«Øª«,°ª¶¯¥««eÂí°Ï¤¤µØ¤­¸ô1346«Ñ1~30¸¹,0.0,,,,10410,¤g¦a0«Øª«1¨®¦ì0,¤T¼h,5,¤½´J(5¼Ó§t¥H¤UµL¹q±è),,¿ûµ¬²V¾®¤g³y,0730412,88.43,3,2,2,¦³,µL,µL,8000,90,,0.0,0,,RPVNMLTJJIKFFCE68CC
­d¶®°Ï,©Ð¦a(¤g¦a+«Øª«),°ª¶¯¥«­d¶®°Ï¥Ã¼Öµó91~120¸¹,8.68,¦í,,,10411,¤g¦a1«Øª«1¨®¦ì0,¤C¼h,17,¦í¦v¤j¼Ó(11¼h§t¥H¤W¦³¹q±è),,¿ûµ¬²V¾®¤g³y,0780114,102.28,3,2,1,¦³,¦³,¦³,15000,147,,0.0,0,,RPUNMLTJJIKFFBE48CC
­d¶®°Ï,©Ð¦a(¤g¦a+«Øª«),°ª¶¯¥«­d¶®°Ï¥Á±Ú¤G¸ô61~90¸¹,84.0,°Ó,,,10411,¤g¦a1«Øª«1¨®¦ì0,¥þ,4,³z¤Ñ­í,,¿ûµ¬²V¾®¤g³y,0630814,297.45,0,0,0,µL,µL,µL,27000,91,,0.0,0,,RPQOMLTJJIKFFBE18CC
¹ª¤s°Ï,©Ð¦a(¤g¦a+«Øª«)+¨®¦ì,°ª¶¯¥«¹ª¤s°Ï¬ü³N«n¤G¸ô70«Ñ31~60¸¹,17.64,¦í,,,10410,¤g¦a1«Øª«1¨®¦ì1,¤T¼h,15,¦í¦v¤j¼Ó(11¼h§t¥H¤W¦³¹q±è),¦í®a¥Î,¿ûµ¬²V¾®¤g³y,0960510,134.62,3,2,2,¦³,¦³,¦³,23000,171,©Y¹D¥­­±,0.0,0,,RPRNMLTJJIKFFAE08CC
·£±ê°Ï,©Ð¦a(¤g¦a+«Øª«),°ª¶¯¥«·£±ê°Ï¼w«Hµó101«Ñ1~30¸¹,125.0,¦í,,,10411,¤g¦a1«Øª«1¨®¦ì0,¥þ,2,³z¤Ñ­í,,¥[±j¿j³y,0690815,97.98,4,2,2,¦³,µL,µL,12000,122,,0.0,0,,RPXNMLTJJIKFFEE09CC
¥ªÀç°Ï,©Ð¦a(¤g¦a+«Øª«),°ª¶¯¥«¥ªÀç°Ï«O¹tµó31~60¸¹,6.21,¦í,,,10410,¤g¦a1«Øª«1¨®¦ì0,¤T¼h,15,¦í¦v¤j¼Ó(11¼h§t¥H¤W¦³¹q±è),¦í®a¥Î,¿ûµ¬²V¾®¤g³y,1031104,85.42,1,1,1,¦³,¦³,¦³,17500,205,,0.0,0,,RPOOMLTJJIKFFEE28CC
¤T¥Á°Ï,©Ð¦a(¤g¦a+«Øª«)+¨®¦ì,°ª¶¯¥«¤T¥Á°Ï¤j©÷¤G¸ô91~120¸¹,1829.0,°Ó,,,10301,¤g¦a1«Øª«1¨®¦ì4,¥|¼h,4,¿ì¤½°Ó·~¤j¼Ó,°Ó·~¥Î,¿ûµ¬²V¾®¤g³y,0820611,1671.1399999999999,0,0,0,µL,µL,¦³,90000,54,©Y¹D¥­­±,0.0,0,,RPTOMLTJJIKFFDE68CC
¤T¥Á°Ï,«Øª«,°ª¶¯¥«¤T¥Á°ÏµqªF¸ô31~60¸¹,29.39,¦í,,,10410,¤g¦a0«Øª«1¨®¦ì0,¤@¼h,5,¤½´J(5¼Ó§t¥H¤UµL¹q±è),,¿ûµ¬²V¾®¤g³y,0750128,95.29,3,2,2,¦³,µL,µL,10000,105,,0.0,0,Äò¬ù,RPQPMLTJJIKFFDE48CC
»ñ¤s°Ï,©Ð¦a(¤g¦a+«Øª«),°ª¶¯¥«»ñ¤s°Ï¤T¸Û¸ô31~60¸¹,25.65,¦í,,,10411,¤g¦a1«Øª«1¨®¦ì0,¤@¼h,15,¦í¦v¤j¼Ó(11¼h§t¥H¤W¦³¹q±è),¨£¨ä¥Lµn°O¨Æ¶µ,¨£¨ä¥Lµn°O¨Æ¶µ,1010601,169.09,0,0,0,µL,µL,µL,30000,177,,0.0,0,,RPQNMLTJJIKFFGE58CC
»ñ¤s°Ï,©Ð¦a(¤g¦a+«Øª«),°ª¶¯¥«»ñ¤s°Ï¤å¼áµó31~60¸¹,92.24,¦í,,,10410,¤g¦a1«Øª«1¨®¦ì0,¤@¼h,19,©±­±(©±¾Q),¨£¨Ï¥Î°õ·Ó,¿ûµ¬²V¾®¤g³y,0831026,33.05,0,3,3,¦³,µL,¦³,8000,242,,0.0,0,,RPTNMLTJJIKFFGE88CC
³¾ªQ°Ï,©Ð¦a(¤g¦a+«Øª«),°ª¶¯¥«³¾ªQ°Ï¤j©÷¸ô353«Ñ1~30¸¹,117.69,¦í,,,10410,¤g¦a1«Øª«1¨®¦ì0,¥þ,5,³z¤Ñ­í,¨£¨ä¥Lµn°O¨Æ¶µ,¿ûµ¬²V¾®¤g³y,0921223,278.11,6,2,5,¦³,¦³,µL,22000,79,,0.0,0,¯²ª÷¤£¥]§tºÞ²z¶O¡C,RPPOMLTJJIKFFIE78CC
»ñ¤s°Ï,©Ð¦a(¤g¦a+«Øª«),°ª¶¯¥«»ñ¤s°Ï»ñ¤¯¸ô110«Ñ31~60¸¹,620.0,¤u,,,10411,¤g¦a2«Øª«1¨®¦ì0,¨£¨ä¥Lµn°O¨Æ¶µ,1,¼t¿ì,¨£¨ä¥Lµn°O¨Æ¶µ,¨£¨ä¥Lµn°O¨Æ¶µ,0800610,423.5,0,0,0,µL,µL,µL,60000,142,,0.0,0,,RPSNMLKKJIKFFGE97CC
¤T¥Á°Ï,«Øª«,°ª¶¯¥«¤T¥Á°ÏÄ~¥úµó1~30¸¹,0.0,°Ó,,,10411,¤g¦a0«Øª«1¨®¦ì0,¤C¼h,12,¦í¦v¤j¼Ó(11¼h§t¥H¤W¦³¹q±è),,¿ûµ¬²V¾®¤g³y,0780403,156.8,2,1,1,¦³,¦³,µL,12000,77,,0.0,0,,RPSNMLKKJIKFFDE67CC
¥ªÀç°Ï,¤g¦a,·sÉÜ¬q¤Q¤T¤p¬q1441~1470¦a¸¹,722.0,°Ó,,,10410,¤g¦a1«Øª«0¨®¦ì0,,,¨ä¥L,,,,0.0,0,0,0,¦³,µL,µL,126000,175,,0.0,0,,RPOQMLKKJIKFFEE67CC
«eª÷°Ï,©Ð¦a(¤g¦a+«Øª«),°ª¶¯¥««eª÷°Ï¦Û±j¤G¸ô91~120¸¹,373.0,°Ó,,,10411,¤g¦a1«Øª«1¨®¦ì0,¨£¨ä¥¦µn°O¨Æ¶µ,2,¦í¦v¤j¼Ó(11¼h§t¥H¤W¦³¹q±è),°Ó·~¥Î,¿ûµ¬²V¾®¤g³y,0771117,251.09,0,0,0,µL,µL,¦³,90000,358,,0.0,0,,RPVOMLKKJIKFFAE77CC
«eª÷°Ï,©Ð¦a(¤g¦a+«Øª«),°ª¶¯¥««eª÷°Ï¤¤¥¿¥|¸ô91~120¸¹,2.89,°Ó,,,10411,¤g¦a1«Øª«1¨®¦ì0,¤C¼h,12,¦í¦v¤j¼Ó(11¼h§t¥H¤W¦³¹q±è),¦í®a¥Î,¿ûµ¬²V¾®¤g³y,0850506,34.9,1,1,1,¦³,¦³,¦³,6500,186,,0.0,0,,RPXOMLKKJIKFFAE97CC
­d¶®°Ï,«Øª«,°ª¶¯¥«­d¶®°Ï·s¥ú¸ô62«Ñ1~30¸¹,0.0,°Ó,,,10410,¤g¦a0«Øª«1¨®¦ì0,¤Q¤­¼h,35,¦í¦v¤j¼Ó(11¼h§t¥H¤W¦³¹q±è),¦í®a¥Î,¿ûµ¬²V¾®¤g³y,0860421,113.39,3,2,2,¦³,¦³,¦³,11000,97,,0.0,0,,RPXNMLKKJIKFFBE97CC
­d¶®°Ï,«Øª«,°ª¶¯¥«­d¶®°Ï­^¸qµó121~150¸¹,0.0,,,,10410,¤g¦a0«Øª«1¨®¦ì0,¤T¼h,5,¤½´J(5¼Ó§t¥H¤UµL¹q±è),,¿ûµ¬²V¾®¤g³y,0680628,63.78,3,2,1,¦³,µL,µL,6000,94,,0.0,0,,RPOOMLKKJIKFFBE17CC
«eÂí°Ï,©Ð¦a(¤g¦a+«Øª«),°ª¶¯¥««eÂí°Ï¤¤µØ¤­¸ô969«Ñ2§Ë1~30¸¹,4.58,¨ä¥L,,,10411,¤g¦a1«Øª«1¨®¦ì0,¤K¼h,12,¦í¦v¤j¼Ó(11¼h§t¥H¤W¦³¹q±è),¦í®a¥Î,¿ûµ¬²V¾®¤g³y,0830809,20.86,3,2,2,¦³,µL,¦³,14500,695,,0.0,0,,RPRNMLKKJIKFFCE47CC
«eÂí°Ï,©Ð¦a(¤g¦a+«Øª«),°ª¶¯¥««eÂí°Ï¤¤µØ¤­¸ô991«Ñ1~30¸¹,28.5,¦í,,,10406,¤g¦a1«Øª«1¨®¦ì0,¤Q¤@¼h,12,¦í¦v¤j¼Ó(11¼h§t¥H¤W¦³¹q±è),¦í®a¥Î,¿ûµ¬²V¾®¤g³y,0830809,128.94,3,2,2,¦³,µL,¦³,10000,78,,0.0,0,,RPVNMLKKJIKFFCE87CC
·s¿³°Ï,«Øª«,°ª¶¯¥«·s¿³°Ï¤­ºÖ¤G¸ô1~30¸¹,0.0,°Ó,,,10411,¤g¦a0«Øª«1¨®¦ì0,¤»¼h,11,¿ì¤½°Ó·~¤j¼Ó,,¿ûµ¬²V¾®¤g³y,0790818,208.44,0,0,0,µL,¦³,µL,22000,106,,0.0,0,,RPUNMLLKJIKFFBE77CC
¹ª¤s°Ï,©Ð¦a(¤g¦a+«Øª«)+¨®¦ì,°ª¶¯¥«¹ª¤s°Ï¬ü³NªF¥|¸ô361~390¸¹,89.61,¦í,,,10411,¤g¦a1«Øª«1¨®¦ì1,¤Q¤C¼h,27,¦í¦v¤j¼Ó(11¼h§t¥H¤W¦³¹q±è),¦í®a¥Î,¿ûµ¬²V¾®¤g³y,0971014,341.71999999999997,4,2,3,¦³,¦³,¦³,80000,234,©Y¹D¥­­±,26.38,0,,RPXNMLLKJIKFFAE97CC
«eª÷°Ï,©Ð¦a(¤g¦a+«Øª«),°ª¶¯¥««eª÷°Ï·s²±¤Gµó61~90¸¹,6.76,°Ó,,,10411,¤g¦a1«Øª«1¨®¦ì0,¤Q¤@¼h,14,¦í¦v¤j¼Ó(11¼h§t¥H¤W¦³¹q±è),¦í®a¥Î,¿ûµ¬²V¾®¤g³y,0870804,87.69,2,1,1,¦³,¦³,¦³,11000,125,,0.0,0,,RPOOMLLKJIKFFAE17CC
¥ªÀç°Ï,©Ð¦a(¤g¦a+«Øª«)+¨®¦ì,°ª¶¯¥«¥ªÀç°Ï©úµØ¤@¸ô271~300¸¹,28.16,¦í,,,10411,¤g¦a1«Øª«1¨®¦ì1,¤E¼h,14,¦í¦v¤j¼Ó(11¼h§t¥H¤W¦³¹q±è),¦í®a¥Î,¨£¨ä¥¦µn°O¨Æ¶µ,0890623,207.11,3,2,2,¦³,¦³,¦³,28000,135,©Y¹D¥­­±,0.0,0,,RPPNMLLKJIKFFEE57CC
¥ªÀç°Ï,©Ð¦a(¤g¦a+«Øª«),°ª¶¯¥«¥ªÀç°Ï«O¹tµó31~60¸¹,6.55,°Ó,,,10411,¤g¦a1«Øª«1¨®¦ì0,¤Q¤@¼h,15,¦í¦v¤j¼Ó(11¼h§t¥H¤W¦³¹q±è),¦í®a¥Î,¿ûµ¬²V¾®¤g³y,1031104,91.36,2,2,1,¦³,¦³,¦³,22000,241,,0.0,0,,RPQOMLLKJIKFFEE77CC
¥ªÀç°Ï,©Ð¦a(¤g¦a+«Øª«),°ª¶¯¥«¥ªÀç°Ï«O¹tµó31~60¸¹,7.68,°Ó,,,10411,¤g¦a1«Øª«1¨®¦ì0,¤Q¼h,15,¦í¦v¤j¼Ó(11¼h§t¥H¤W¦³¹q±è),¦í®a¥Î,¿ûµ¬²V¾®¤g³y,1031104,85.42,1,1,1,¦³,¦³,¦³,24000,281,,0.0,0,,RPSOMLLKJIKFFEE97CC
¥ªÀç°Ï,©Ð¦a(¤g¦a+«Øª«),°ª¶¯¥«¥ªÀç°Ï¥ß¤å¸ô91~120¸¹,8.28,°Ó,,,10411,¤g¦a1«Øª«1¨®¦ì0,¤Q¤@¼h,15,¦í¦v¤j¼Ó(11¼h§t¥H¤W¦³¹q±è),¦í®a¥Î,¿ûµ¬²V¾®¤g³y,1030327,114.59,2,2,1,¦³,¦³,¦³,22000,192,,0.0,0,,RPTOMLLKJIKFFEE08CC
»ñ¤s°Ï,©Ð¦a(¤g¦a+«Øª«),°ª¶¯¥«»ñ¤s°Ï°ê¿³µó31~60¸¹,30.23,¨ä¥L,,,10411,¤g¦a1«Øª«1¨®¦ì0,¤­¼h,5,¤½´J(5¼Ó§t¥H¤UµL¹q±è),¦í®a¥Î,¿ûµ¬²V¾®¤g³y,0710430,73.65,3,2,2,¦³,µL,µL,7000,95,,0.0,0,,RPRNMLLKJIKFFGE97CC
¿P±_°Ï,©Ð¦a(¤g¦a+«Øª«),°ª¶¯¥«¿P±_°Ï¦w©Û¸ô1058«Ñ31~60¸¹,331.44,¤u,,,10410,¤g¦a1«Øª«1¨®¦ì0,¨£¨ä¥Lµn°O¨Æ¶µ,1,¤u¼t,¤u·~¥Î,¨£¨ä¥Lµn°O¨Æ¶µ,1040723,194.04,0,0,0,µL,µL,µL,30000,,,0.0,0,,RPSNMLLKJIKFFFE97CC
¥ªÀç°Ï,©Ð¦a(¤g¦a+«Øª«),°ª¶¯¥«¥ªÀç°Ï¦Û¥Ñ¤T¸ô151~180¸¹,127.0,¦í,,,10411,¤g¦a1«Øª«1¨®¦ì0,¥þ,5,³z¤Ñ­í,¦í®a¥Î,¿ûµ¬²V¾®¤g³y,0950817,294.86,6,3,7,¦³,µL,µL,65000,220,,0.0,0,,RPSOMLMKJIKFFEE08CC
«eÂí°Ï,«Øª«,°ª¶¯¥««eÂí°Ï¥ÁÅv¤G¸ô511~540¸¹,0.0,¦í,,,10410,¤g¦a0«Øª«1¨®¦ì1,¤G¤Q¤K¼h,29,¦í¦v¤j¼Ó(11¼h§t¥H¤W¦³¹q±è),¦í®a¥Î,¿ûµ¬²V¾®¤g³y,0970307,272.21,3,2,2,¦³,¦³,µL,35000,129,©Y¹D¥­­±,14.77,0,,RPSOMLMKJIKFFCE87CC
»ñ¤s°Ï,©Ð¦a(¤g¦a+«Øª«),°ª¶¯¥«»ñ¤s°Ï¤¤¿³µó31~60¸¹,29.41,¦í,,,10410,¤g¦a1«Øª«1¨®¦ì0,¤@¼h,6,µØ·H(10¼h§t¥H¤U¦³¹q±è),¨£¨Ï¥Î°õ·Ó,¿ûµ¬²V¾®¤g³y,0830615,99.06,3,2,2,¦³,µL,µL,15000,151,,0.0,0,,RPTNMLNKJIKFFGE38CC
»ñ¤s°Ï,©Ð¦a(¤g¦a+«Øª«),°ª¶¯¥«»ñ¤s°Ï¤K¼w¸ô241~270¸¹,90.0,¦í,,,10410,¤g¦a1«Øª«1¨®¦ì0,¥þ,4,³z¤Ñ­í,¨£¨ä¥Lµn°O¨Æ¶µ,¿ûµ¬²V¾®¤g³y,0990128,105.89,4,2,3,¦³,µL,µL,25000,236,,0.0,0,¥»«Î¬°³z¤Ñ©Ð«Î,©Ó¯²¤è¶È©Ó¯²1+2¼ÓªÅ¶¡¯²ª÷§t¯²¸î©Ò±oµ|,RPUNMLNKJIKFFGE48CC
¤T¥Á°Ï,©Ð¦a(¤g¦a+«Øª«),°ª¶¯¥«¤T¥Á°Ï¹©±jµó79«Ñ1~30¸¹,37.72,¦í,,,10411,¤g¦a1«Øª«1¨®¦ì0,¤@¼h,13,¦í¦v¤j¼Ó(11¼h§t¥H¤W¦³¹q±è),¦í°Ó¥Î,¿ûµ¬²V¾®¤g³y,0831124,182.72,2,1,3,¦³,¦³,µL,13500,74,,0.0,0,,RPPNMLOKJIKFFDE77CC
¤T¥Á°Ï,©Ð¦a(¤g¦a+«Øª«),°ª¶¯¥«¤T¥Á°Ï¸Î¸Û¸ô61~90¸¹,12.65,¦í,,,10411,¤g¦a1«Øª«1¨®¦ì0,¤G¼h,14,¦í¦v¤j¼Ó(11¼h§t¥H¤W¦³¹q±è),¦í®a¥Î,¿ûµ¬²V¾®¤g³y,0860709,122.2,3,2,2,¦³,¦³,µL,10000,82,,0.0,0,,RPQNMLOKJIKFFDE87CC
¤T¥Á°Ï,©Ð¦a(¤g¦a+«Øª«),°ª¶¯¥«¤T¥Á°Ï¦Û¥ß¤@¸ô331~360¸¹,62.0,°Ó,,,10411,¤g¦a1«Øª«1¨®¦ì0,¥þ,3,³z¤Ñ­í,¦í°Ó¥Î,¥[±j¿j³y,0581111,159.06,3,2,2,¦³,µL,µL,20000,126,,0.0,0,,RPRNMLOKJIKFFDE97CC
¥ªÀç°Ï,©Ð¦a(¤g¦a+«Øª«),°ª¶¯¥«¥ªÀç°Ï·sÉÜ¥J¸ô31~60¸¹,103.0,¦í,,,10411,¤g¦a1«Øª«1¨®¦ì0,¥þ,4,³z¤Ñ­í,¦í°Ó¥Î,¿ûµ¬²V¾®¤g³y,0860203,51.51,1,0,0,µL,µL,µL,15000,291,,0.0,0,,RPRNMLOKJIKFFEE08CC
¥ªÀç°Ï,©Ð¦a(¤g¦a+«Øª«),°ª¶¯¥«¥ªÀç°Ï·sÉÜ¥J¸ô31~60¸¹,103.0,¦í,,,10411,¤g¦a1«Øª«1¨®¦ì0,¥þ,4,³z¤Ñ­í,¦í°Ó¥Î,¿ûµ¬²V¾®¤g³y,0860203,17.0,1,0,1,¦³,µL,¦³,5000,294,,0.0,0,,RPSNMLOKJIKFFEE18CC
«eª÷°Ï,«Øª«,°ª¶¯¥««eª÷°Ï¤¤¥¿¥|¸ô91~120¸¹,0.0,¦í,,,10411,¤g¦a0«Øª«1¨®¦ì0,¤Q¤G¼h,12,¿ì¤½°Ó·~¤j¼Ó,¦í®a¥Î,¿ûµ¬²V¾®¤g³y,0850506,84.68,1,1,1,¦³,¦³,¦³,8000,94,,0.0,0,,RPPNMLOKJIKFFAE47CC
¹ª¤s°Ï,«Øª«,°ª¶¯¥«¹ª¤s°ÏÀs¼w¸ô31~60¸¹,0.0,°Ó,,,10411,¤g¦a0«Øª«1¨®¦ì0,¨£¨ä¥¦µn°O¨Æ¶µ,5,¤½´J(5¼Ó§t¥H¤UµL¹q±è),,¿ûµ¬²V¾®¤g³y,0700425,102.21,3,2,2,¦³,µL,µL,17000,166,,0.0,0,,RPQNMLOKJIKFFAE57CC
¹ª¤s°Ï,©Ð¦a(¤g¦a+«Øª«)+¨®¦ì,°ª¶¯¥«¹ª¤s°Ï¸Î¸Û¸ô1051~1080¸¹,10.55,¦í,,,10410,¤g¦a1«Øª«1¨®¦ì1,¥|¼h,13,¦í¦v¤j¼Ó(11¼h§t¥H¤W¦³¹q±è),¦í®a¥Î,¿ûµ¬²V¾®¤g³y,0950407,80.02,3,2,2,¦³,¦³,¦³,17000,212,©Y¹D¾÷±ñ,4.83,0,§tºÞ²z¶O,RPSNMLOKJIKFFAE77CC
­d¶®°Ï,«Øª«,°ª¶¯¥«­d¶®°Ï·s¥ú¸ô24«Ñ1~30¸¹,0.0,°Ó,,,10411,¤g¦a0«Øª«1¨®¦ì0,¥|¼h,5,¤½´J(5¼Ó§t¥H¤UµL¹q±è),,¿ûµ¬²V¾®¤g³y,0661110,52.15,1,1,1,¦³,µL,¦³,5000,96,,0.0,0,,RPPNMLOKJIKFFBE57CC
