鄉鎮市區,交易標的,土地區段位置或建物區門牌,土地移轉總面積平方公尺,都市土地使用分區,非都市土地使用分區,非都市土地使用編定,交易年月,交易筆棟數,移轉層次,總樓層數,建物型態,主要用途,主要建材,建築完成年月,建物移轉總面積平方公尺,建物現況格局-房,建物現況格局-廳,建物現況格局-衛,建物現況格局-隔間,有無管理組織,總價元,單價每平方公尺,車位類別,車位移轉總面積平方公尺,車位總價元,備註,編號
羅東鎮,房地(土地+建物),宜蘭縣羅東鎮博愛路100巷1~30號,37.0,住,,,10409,土地2建物1車位0,三層,,公寓(5樓含以下無電梯),住家用,鋼筋混凝土加強磚造,0620625,72.26,4,0,1,有,無,3650000,50512,,0.0,0,賣方頂樓已有興建未保存登記部份約56.34平方公尺,RPUOMLNJJIKFFAG87CA
五結鄉,房地(土地+建物),宜蘭縣五結鄉孝威二路65巷1~30號,94.0,,特定農業區,甲種建築用地,10409,土地2建物1車位0,全,三層,透天厝,住家用,見其他登記事項,1040416,161.21,4,2,4,有,無,8170000,50679,,0.0,0,,RPWPMLNJJIKFFAG18CA
五結鄉,房地(土地+建物),宜蘭縣五結鄉孝威二路65巷1~30號,93.0,,特定農業區,甲種建築用地,10409,土地2建物1車位0,全,三層,透天厝,住家用,見其他登記事項,1040416,161.21,4,2,4,有,無,8170000,50679,,0.0,0,,RPXPMLNJJIKFFAG28CA
冬山鄉,土地,梅花段121~150地號,118.0,,特定農業區,甲種建築用地,10408,土地1建物0車位0,,,其他,,,,0.0,0,0,0,有,無,2500000,21186,,0.0,0,,RPTNMLSJJIKFFAG18CA
冬山鄉,土地,南富段391~420地號,2343.0,,特定農業區,農牧用地,10410,土地2建物0車位0,,,其他,,,,0.0,0,0,0,有,無,8000000,3414,,0.0,0,,RPRPMLKKJIKFFAG47CA
羅東鎮,房地(土地+建物)+車位,宜蘭縣羅東鎮純精路二段91~120號,8.33,住,,,10405,土地1建物1車位1,八層,十三層,住宅大樓(11層含以上有電梯),住家用,鋼筋混凝土造,0970602,100.67,1,1,1,有,有,2800000,27814,升降機械,0.0,0,,RPQOMLMKJIKFFAG47CA
蘇澳鎮,房地(土地+建物),宜蘭縣羅東鎮南安路1~30號,42.5,商,,,10410,土地3建物1車位0,全,三層,透天厝,住商用,鋼筋混凝土造,0780412,100.06,5,2,2,有,無,3500000,34979,,0.0,0,兄弟間買買。,RPRNMLKLJIKFFAG37CA
宜蘭市,房地(土地+建物),宜蘭縣宜蘭巿女中路二段415巷1~30號,110.4,住,,,10410,土地2建物1車位0,全,四層,透天厝,見其他登記事項,鋼筋混凝土造,1040825,257.31,5,2,4,有,無,17200000,66845,,0.0,0,,RPUOMLOJJIKFFBG08CA
宜蘭市,房地(土地+建物),宜蘭縣宜蘭巿大坡路一段31~60號,19.77,商,,,10410,土地3建物1車位0,十一層,十二層,住宅大樓(11層含以上有電梯),見其他登記事項,鋼筋混凝土造,0830414,181.49,3,2,2,有,有,4900000,26999,,0.0,0,,RPXOMLOJJIKFFBG38CA
礁溪鄉,土地,三皇段721~750地號,49.71,工,,,10410,土地1建物0車位0,,,其他,,,,0.0,0,0,0,有,無,750621,15100,,0.0,0,,RPUOMLNJJIKFFBG97CA
礁溪鄉,土地,龍泉段721~750地號,219.99,農,,,10410,土地1建物0車位0,,,其他,,,,0.0,0,0,0,有,無,1319940,6000,,0.0,0,,RPVOMLNJJIKFFBG08CA
宜蘭市,土地,延平段511~540地號,887.0,農,,,10409,土地2建物0車位0,,,其他,,,,0.0,0,0,0,有,無,6700000,7554,,0.0,0,1.土地為配建2.含未保存登記建物一棟,面積:238.3平方公尺3.建物由買方出資興建,RPQNMLOJJIKFFBG57CA
員山鄉,房地(土地+建物),宜蘭縣員山鄉三鬮路199巷1~30號,127.83,,特定農業區,甲種建築用地,10410,土地3建物1車位0,全,三層,透天厝,住家用,鋼筋混凝土造,1040907,197.94,4,2,5,有,無,9500000,47994,,0.0,0,1、本案為預售屋，私契日期:104.4.17      2、該持分土地係無價金提供承買人作為道路通行之用。,RPUNMLTJJIKFFBG48CA
員山鄉,房地(土地+建物),宜蘭縣員山鄉三鬮路199巷1~30號,116.83,,特定農業區,甲種建築用地,10410,土地3建物1車位0,全,三層,透天厝,住家用,鋼筋混凝土造,1040907,186.01,4,2,5,有,無,9500000,51073,,0.0,0,1、本案為預售屋，私契日期:103.10.13      2、該持分土地係無價金提供承買人作為道路通行之用。,RPVNMLTJJIKFFBG58CA
頭城鎮,房地(土地+建物),宜蘭縣頭城鎮南興街1~30號,115.21,住,,,10410,土地2建物1車位0,全,二層,透天厝,住家用,鋼筋混凝土加強磚造,0680503,136.94,3,2,2,有,無,3900000,28480,,0.0,0,稅款由權利人繳納,RPTNMLKKJIKFFBG57CA
礁溪鄉,房地(土地+建物),宜蘭縣礁溪鄉份尾一路1~30號,116.0,,鄉村區,乙種建築用地,10410,土地2建物1車位0,全,三層,透天厝,住家用,鋼筋混凝土造,1030814,211.29,5,2,3,有,無,10650000,50405,,0.0,0,,RPQNMLOKJIKFFBG67CA
員山鄉,土地,深洲段211~240地號,3699.1,,特定農業區,農牧用地,10410,土地2建物0車位0,,,其他,,,,0.0,0,0,0,有,無,12500000,3379,,0.0,0,,RPUOMLRKJIKFFBG48CA
員山鄉,房地(土地+建物),宜蘭縣員山鄉賢德路一段97巷1~30號,1450.05,,特定農業區,農牧用地,10410,土地1建物1車位0,一層，二層，三層，見其他登記事項,三層,農舍,見其他登記事項,鋼筋混凝土造,1040706,334.7,5,3,5,有,無,21000000,,,0.0,0,,RPOPMLNLJIKFFBG67CA
蘇澳鎮,房地(土地+建物),宜蘭縣蘇澳鎮隘界路290巷31~60號,76.65,住,,,10410,土地1建物1車位0,全,三層,透天厝,住商用,鋼筋混凝土造,0840315,167.9,4,1,3,有,無,4550000,27099,,0.0,0,本案有未辦保存登記之建物第一層面積19.20平方公尺,RPUNMLPJJIKFFAG18EA
五結鄉,土地,保昌段31~60地號,193.97,住,,,10410,土地1建物0車位0,,,其他,,,,0.0,0,0,0,有,無,19469000,100371,,0.0,0,向宜蘭縣政府承購,RPWOMLPJJIKFFAG48EA
五結鄉,土地,保昌段31~60地號,189.86,住,,,10410,土地1建物0車位0,,,其他,,,,0.0,0,0,0,有,無,14421988,75961,,0.0,0,向宜蘭縣政府承購,RPWNMLQJJIKFFAG48EA
蘇澳鎮,土地,頂寮段631~660地號,5384.31,,工業區,丁種建築用地,10410,土地4建物0車位0,,,其他,,,,0.0,0,0,0,有,無,49804868,9250,,0.0,0,向經濟部承購,RPTPMLRKJIKFFAG58EA
礁溪鄉,土地,白玉段151~180地號,680.46,,鄉村區,乙種建築用地,10410,土地1建物0車位0,,,其他,,,,0.0,0,0,0,有,無,8887745,13061,,0.0,0,,RPVNMLMJJIKFFBG08EA
壯圍鄉,房地(土地+建物),宜蘭縣壯圍鄉大福路三段35巷1~30號,112.0,,特定農業區,甲種建築用地,10410,土地1建物1車位0,全,二層,透天厝,住家用,鋼筋混凝土造,0701126,149.44,3,2,2,有,無,4950000,33124,,0.0,0,,RPQNMLNJJIKFFBG67EA
礁溪鄉,土地,德陽段871~900地號,143.31,農,,,10410,土地1建物0車位0,,,其他,,,,0.0,0,0,0,有,無,650000,4536,,0.0,0,土地增值稅及各項費用全部由買方負擔、持分土地上有第三人之建物,RPRNMLNJJIKFFBG77EA
礁溪鄉,房地(土地+建物),宜蘭縣礁溪鄉德陽路151~180號,9.47,住,,,10410,土地1建物1車位0,五層,七層,套房(1房1廳1衛),住家用,鋼筋混凝土造,0811110,50.08,1,1,1,有,有,2900000,57907,,0.0,0,,RPPOMLNJJIKFFBG67EA
宜蘭市,土地,巽門二段661~690地號,96.72,住,,,10408,土地1建物0車位0,,,其他,,,,0.0,0,0,0,有,無,6200000,64103,,0.0,0,,RPXOMLNJJIKFFBG48EA
頭城鎮,土地,拔雅林二段1~30地號,235.11,其他,,,10410,土地5建物0車位0,,,其他,,,,0.0,0,0,0,有,無,5493600,23366,,0.0,0,,RPUPMLOJJIKFFBG38EA
大同鄉,土地,南山段181~210地號,150.0,,,,10410,土地1建物0車位0,,,其他,,,,0.0,0,0,0,有,無,200000,1333,,0.0,0,1.權利人共2人   2.朋友關係,RPQOMLMJJIKFFAG57EA
冬山鄉,土地,群英段571~600地號,10.7,其他,,,10410,土地1建物0車位0,,,其他,,,,0.0,0,0,0,有,無,100000,9346,,0.0,0,,RPQOMLNJJIKFFAG67EA
羅東鎮,房地(土地+建物),宜蘭縣羅東鎮興東路1~30號,3.2,商,,,10409,土地2建物1車位0,八層,十一層,套房(1房1廳1衛),住家用,鋼筋混凝土造,0701016,33.43,1,0,1,有,有,1043922,31227,,0.0,0,,RPVNMLOJJIKFFAG18EA
員山鄉,房地(土地+建物),宜蘭縣員山鄉大湖二十路61~90號,3536.05,,特定農業區,農牧用地,10408,土地1建物2車位0,一層，二層,二層,農舍,農舍,鋼筋混凝土造,0960503,573.1,0,0,1,無,無,18500000,,,0.0,0,,RPRPMLOJJIKFFBG08EA
礁溪鄉,房地(土地+建物),宜蘭縣礁溪鄉中山路一段301~330號,11.59,住,,,10410,土地1建物1車位0,五層,七層,套房(1房1廳1衛),住家用,鋼筋混凝土造,0840127,56.13,1,1,1,有,有,2700000,48103,,0.0,0,,RPPNMLOJJIKFFBG67EA
礁溪鄉,房地(土地+建物),宜蘭縣礁溪鄉大忠路40巷1~30號,146.0,住,,,10410,土地2建物1車位0,全,三層,透天厝,住家用,鋼筋混凝土加強磚造,0660214,228.18,7,2,8,有,無,18800000,82391,,0.0,0,,RPSPMLNJJIKFFBG97DA
宜蘭市,房地(土地+建物)+車位,宜蘭縣宜蘭巿民權新路241~270號,43.38,住,,,10410,土地1建物1車位1,五層,十四層,住宅大樓(11層含以上有電梯),住家用,鋼筋混凝土造,0930927,174.87,3,2,2,有,有,6500000,37170,坡道平面,0.0,0,,RPOPMLOJJIKFFBG67DA
壯圍鄉,房地(土地+建物),宜蘭縣壯圍鄉大福路三段232巷35弄1~30號,111.44,,特定農業區,甲種建築用地,10409,土地3建物1車位0,全,三層,透天厝,見其他登記事項,鋼筋混凝土造,1030327,218.91,3,3,3,有,無,14000000,63953,,0.0,0,有電梯，附贈全棟房屋裝潢、全套家俱家電,RPRNMLTKJIKFFBG28CA
壯圍鄉,房地(土地+建物),宜蘭縣壯圍鄉大福路三段232巷35弄1~30號,115.04,,特定農業區,甲種建築用地,10409,土地3建物1車位0,全,三層,透天厝,見其他登記事項,鋼筋混凝土造,1030327,220.95,3,3,3,有,無,11500000,52048,,0.0,0,本案房屋為邊間,有電梯,RPSNMLTKJIKFFBG38CA
壯圍鄉,房地(土地+建物),宜蘭縣壯圍鄉壯濱路一段218巷1~30號,79.15,,鄉村區,乙種建築用地,10410,土地1建物1車位0,全,二層,透天厝,住家用,鋼筋混凝土加強磚造,0701208,106.92,4,2,2,有,無,3950000,36944,,0.0,0,,RPRNMLRKJIKFFBG08CA
員山鄉,土地,粗坑段571~600地號,708.11,,一般農業區,農牧用地,10410,土地1建物0車位0,,,其他,,,,0.0,0,0,0,有,無,400000,565,,0.0,0,本筆土地申報為1/2.另1/2返還無價格,RPUOMLMKJIKFFBG97CA
員山鄉,房地(土地+建物),宜蘭縣員山鄉三鬮路199巷1~30號,117.83,,特定農業區,甲種建築用地,10410,土地3建物1車位0,全,三層,透天厝,住家用,鋼筋混凝土造,1040907,194.53,4,2,5,有,無,9000000,46265,,0.0,0,1、本案為預售屋，私契日期:103.10.16      2、該持分土地係無價金提供承買人作為道路通行之用。,RPWNMLTJJIKFFBG68CA
壯圍鄉,土地,吉祥二段601~630地號,602.22,住,,,10410,土地2建物0車位0,,,其他,,,,0.0,0,0,0,有,無,20480900,34009,,0.0,0,,RPRNMLOJJIKFFBG67CA
礁溪鄉,房地(土地+建物),宜蘭縣礁溪鄉化龍街8巷1~30號,10.4,住,,,10410,土地1建物1車位0,三層,六層,套房(1房1廳1衛),住家用,鋼筋混凝土造,0860811,53.34,1,1,1,有,無,2960000,55493,,0.0,0,,RPSNMLOJJIKFFBG77CA
員山鄉,房地(土地+建物),宜蘭縣員山鄉茄苳路31~60號,79.64,,鄉村區,乙種建築用地,10409,土地1建物1車位0,全,二層,透天厝,住家用,鋼筋混凝土加強磚造,0690812,121.44,7,2,2,有,無,3700000,30468,,0.0,0,,RPWPMLOJJIKFFBG38CA
礁溪鄉,土地,民權段1~30地號,5328.0,,特定農業區,農牧用地,10410,土地7建物0車位0,,,其他,,,,0.0,0,0,0,有,無,18667360,3504,,0.0,0,,RPUNMLPJJIKFFBG08CA
礁溪鄉,土地,玉石段1141~1170地號,7.73,商,,,10410,土地2建物0車位0,,,其他,,,,0.0,0,0,0,有,無,2142602,277180,,0.0,0,,RPXNMLPJJIKFFBG38CA
宜蘭市,土地,宜福段901~930地號,303.92,,特定農業區,甲種建築用地,10410,土地1建物0車位0,,,其他,,,,0.0,0,0,0,有,無,11030000,36292,,0.0,0,,RPQOMLQJJIKFFBG87CA
宜蘭市,房地(土地+建物),宜蘭縣宜蘭巿宜中路79巷1~30號,26.0,住,,,10410,土地1建物1車位0,五層,十五層,住宅大樓(11層含以上有電梯),住家用,鋼筋混凝土造,0830609,142.65,3,1,2,有,有,6880000,48230,,0.0,0,,RPROMLQJJIKFFBG97CA
三星鄉,土地,光明段211~240地號,1320.0,,特定農業區,農牧用地,10409,土地1建物0車位0,,,其他,,,,0.0,0,0,0,有,無,4960000,3758,,0.0,0,本買賣包括為保存登記農舍一棟面積300.28在內本案為父女間買賣,RPWNMLKLJIKFFAG87CA
三星鄉,土地,九芎湖段玉蘭小段31~60地號,21709.08,,一般農業區,農牧用地,10409,土地70建物0車位0,,,其他,,,,0.0,0,0,0,有,無,13000000,599,,0.0,0,共有人之間的買賣，佔有部份由買受人自行處理，與其他案件合併計價。,RPQNMLRLJIKFFAG97CA
蘇澳鎮,土地,慶安段1021~1050地號,18.17,住,,,10410,土地1建物0車位0,,,其他,,,,0.0,0,0,0,有,無,274000,15080,,0.0,0,,RPWNMLQKJIKFFAG38CA
蘇澳鎮,土地,文化段301~330地號,106.64,住,,,10410,土地1建物0車位0,,,其他,,,,0.0,0,0,0,有,無,1610000,15098,,0.0,0,,RPOOMLQKJIKFFAG67CA
五結鄉,房地(土地+建物),宜蘭縣五結鄉大吉二路277巷1~30號,94.84,,一般農業區,甲種建築用地,10410,土地2建物1車位0,全,三層,透天厝,住家用,見其他登記事項,1040904,173.87,2,2,3,有,無,7280000,41870,,0.0,0,本案為預售案，私契簽約日為103年8月28日。,RPQOMLTJJIKFFAG08CA
五結鄉,房地(土地+建物),宜蘭縣五結鄉大吉二路277巷1~30號,121.54,,一般農業區,甲種建築用地,10410,土地4建物1車位0,全,三層,透天厝,住家用,見其他登記事項,1040904,182.81,2,2,3,有,無,7350000,40206,,0.0,0,本案為預售案，私契簽約日為103年8月15日。,RPSOMLTJJIKFFAG28CA
五結鄉,房地(土地+建物),宜蘭縣五結鄉大吉二路277巷1~30號,93.5,,一般農業區,甲種建築用地,10410,土地2建物1車位0,全,三層,透天厝,住家用,見其他登記事項,1040904,173.87,2,2,3,有,無,7250000,41698,,0.0,0,本案為預售案，私契簽約日為103年12月16日。,RPTOMLTJJIKFFAG38CA
五結鄉,房地(土地+建物),宜蘭縣五結鄉大吉二路277巷1~30號,93.5,,一般農業區,甲種建築用地,10410,土地2建物1車位0,全,三層,透天厝,住家用,見其他登記事項,1040904,173.87,2,2,3,有,無,7250000,41698,,0.0,0,本案為預售案，私契簽約日為103年8月16日。,RPUOMLTJJIKFFAG48CA
五結鄉,房地(土地+建物),宜蘭縣五結鄉大吉二路277巷1~30號,93.5,,一般農業區,甲種建築用地,10410,土地2建物1車位0,全,三層,透天厝,住家用,見其他登記事項,1040904,173.87,2,2,3,有,無,7100000,40835,,0.0,0,本案為預售案，私契簽約日為103年8月15日。,RPVOMLTJJIKFFAG58CA
五結鄉,房地(土地+建物),宜蘭縣五結鄉大吉二路283巷1~30號,104.77,,一般農業區,甲種建築用地,10410,土地2建物1車位0,全,三層,透天厝,住家用,見其他登記事項,1040904,173.87,2,2,3,有,無,7780000,44746,,0.0,0,本案為預售案，私契簽約日為104年9月14日。,RPWOMLTJJIKFFAG68CA
五結鄉,房地(土地+建物),宜蘭縣五結鄉大吉二路277巷1~30號,124.98,,一般農業區,甲種建築用地,10410,土地3建物1車位0,全,三層,透天厝,住家用,見其他登記事項,1040904,109.99,2,2,3,有,無,5000000,45459,,0.0,0,本案為預售案，私契簽約日為104年4月5日。,RPOPMLTJJIKFFAG97CA
五結鄉,房地(土地+建物),宜蘭縣五結鄉孝威二路65巷1~30號,99.0,,特定農業區,甲種建築用地,10410,土地2建物1車位0,全,三層,透天厝,住家用,見其他登記事項,1040416,165.87,4,2,4,有,無,7970000,48050,,0.0,0,,RPPQMLNJJIKFFAG57CA
五結鄉,房地(土地+建物),宜蘭縣五結鄉大吉二路277巷1~30號,127.19,,一般農業區,甲種建築用地,10410,土地2建物1車位0,全,三層,透天厝,住家用,見其他登記事項,1040904,171.99,2,2,3,有,無,7600000,44189,,0.0,0,本案為預售案，私契簽約日為103年8月11日。,RPRPMLTJJIKFFAG28CA
冬山鄉,房地(土地+建物),宜蘭縣冬山鄉冬山路三段571~600號,75.21,商,,,10410,土地1建物1車位0,全,三層,透天厝,住家用,鋼筋混凝土造,0761019,124.59,4,5,3,有,無,10800000,86684,,0.0,0,,RPQPMLKKJIKFFAG37CA
五結鄉,房地(土地+建物),宜蘭縣五結鄉五濱路一段136巷1~30號,26.6,,一般農業區,甲種建築用地,10410,土地1建物1車位0,四層,十四層,套房(1房1廳1衛),住家用,鋼筋混凝土造,0880128,68.46,1,1,1,有,有,1900000,27753,,0.0,0,,RPRNMLLKJIKFFAG37CA
冬山鄉,房地(土地+建物),宜蘭縣冬山鄉武淵二路31~60號,96.0,,特定農業區,甲種建築用地,10410,土地1建物1車位0,全,三層,透天厝,住家用,鋼筋混凝土造,0840929,182.43,4,2,5,有,無,10000000,54816,,0.0,0,,RPTNMLPJJIKFFAG87CA
五結鄉,房地(土地+建物),宜蘭縣五結鄉大吉二路283巷1~30號,110.19,,一般農業區,甲種建築用地,10410,土地4建物1車位0,全,三層,透天厝,住家用,見其他登記事項,1040904,174.89,2,2,3,有,無,7300000,41741,,0.0,0,本案為預售案，私契簽約日為103年8月17日。,RPPPMLTJJIKFFAG08CA
五結鄉,房地(土地+建物),宜蘭縣五結鄉大吉二路283巷1~30號,118.46,,一般農業區,甲種建築用地,10410,土地2建物1車位0,全,三層,透天厝,住家用,見其他登記事項,1040904,183.44,2,2,3,有,無,7850000,42793,,0.0,0,本案為預售案，私契簽約日為104年8月14日。,RPQPMLTJJIKFFAG18CA
羅東鎮,土地,新群一段121~150地號,1319.05,,特定農業區,農牧用地,10410,土地1建物0車位0,,,其他,,,,0.0,0,0,0,有,無,6200000,4700,,0.0,0,地上未辦保存登記之資材室由買方出資興建。(民國104年8月21日立約),RPPNMLPLJIKFFAG67CA
宜蘭市,房地(土地+建物)+車位,宜蘭縣宜蘭巿民權新路259巷1~30號,40.85,住,,,10410,土地2建物1車位1,五層,六層,華廈(10層含以下有電梯),住家用,鋼筋混凝土造,0820202,164.84,4,2,2,有,有,4200000,25479,坡道平面,0.0,0,,RPQNMLRJJIKFFBG87CA
員山鄉,房地(土地+建物),宜蘭縣員山鄉三鬮路199巷1~30號,139.83,,特定農業區,甲種建築用地,10410,土地3建物1車位0,全,三層,透天厝,住家用,鋼筋混凝土造,1040907,197.5,4,2,5,有,無,8800000,44557,,0.0,0,1、本案為預售屋，私契日期:103.10.4      2、該持分土地係無價金提供承買人作為道路通行之用。,RPXNMLTJJIKFFBG78CA
宜蘭市,房地(土地+建物),宜蘭縣宜蘭巿民權新路61~90號,17.18,住,,,10410,土地2建物1車位0,四層,五層,公寓(5樓含以下無電梯),住家用,鋼筋混凝土造,0720203,64.09,4,1,1,有,無,2120000,33078,,0.0,0,,RPPNMLKKJIKFFBG17CA
壯圍鄉,土地,壯濱一段661~690地號,212.9,,一般農業區,甲種建築用地,10410,土地1建物0車位0,,,其他,,,,0.0,0,0,0,有,無,2704800,12705,,0.0,0,含未保存建物持分1/3以新臺幣515000元計價,RPWNMLLJKIKFFBG97CA
礁溪鄉,房地(土地+建物)+車位,宜蘭縣礁溪鄉公園路61~90號,100.64,其他,,,10409,土地1建物2車位1,六層,六層,華廈(10層含以下有電梯),見其他登記事項,鋼筋混凝土造,1040615,255.28,2,0,2,有,有,38500000,150815,坡道平面,27.97,0,,RPOPMLOJKIKFFBG67CA
南澳鄉,土地,澳花段601~630地號,2200.0,,山坡地保育區,農牧用地,10410,土地1建物0車位0,,,其他,,,,0.0,0,0,0,有,無,352000,160,,0.0,0,親友、員工或其他特殊關係間之交易。,RPRNMLQJJIKFFAG87DA
宜蘭市,房地(土地+建物),宜蘭縣宜蘭巿崇聖街151~180號,28.3,住,,,10409,土地1建物1車位0,七層,七層,華廈(10層含以下有電梯),住家用,鋼筋混凝土造,0820628,160.13,3,2,2,有,無,6000000,37470,,0.0,0,,RPWNMLOJJIKFFBG38EA
頭城鎮,土地,大坑罟段181~210地號,5.0,住,,,10410,土地1建物0車位0,,,其他,,,,0.0,0,0,0,有,無,79698,15940,,0.0,0,,RPQNMLPJJIKFFBG87EA
頭城鎮,土地,大坑罟段181~210地號,95.0,住,,,10410,土地1建物0車位0,,,其他,,,,0.0,0,0,0,有,無,1514302,15940,,0.0,0,,SPQNMLPJJIKFFBG97EA
頭城鎮,土地,大坑罟段31~60地號,64.33,住,,,10410,土地1建物0車位0,,,其他,,,,0.0,0,0,0,有,無,2529800,39325,,0.0,0,,RPSNMLLKJIKFFBG77EA
頭城鎮,土地,大溪段內大溪小段121~150地號,310.0,,山坡地保育區,丙種建築用地,10410,土地1建物0車位0,,,其他,,,,0.0,0,0,0,有,無,474680,1531,,0.0,0,,RPQOMLPJJIKFFBG97EA
礁溪鄉,房地(土地+建物)+車位,宜蘭縣礁溪鄉中山路一段181~210號,7.3,住,,,10410,土地1建物1車位1,二層,七層,套房(1房1廳1衛),住家用,鋼筋混凝土造,0840925,52.08,0,0,1,無,有,1800000,34562,坡道機械,0.0,0,機械車位故障、無法使用,RPPNMLTJJIKFFBG18EA
頭城鎮,土地,下新興段511~540地號,495.32,,特定農業區,農牧用地,10411,土地1建物0車位0,,,其他,,,,0.0,0,0,0,有,無,800000,1615,,0.0,0,親友、員工或其他特殊關係間之交易。,RPQOMLTJJIKFFBG28DA
羅東鎮,房地(土地+建物),宜蘭縣羅東鎮公正路300巷1~30號,111.0,住,,,10407,土地1建物1車位0,全,三層,透天厝,住家用,鋼筋混凝土加強磚造,0660415,129.17,4,1,2,有,無,5200000,40257,,0.0,0,二親等間買賣,RPPOMLQJJIKFFAG87EA
礁溪鄉,房地(土地+建物)+車位,宜蘭縣礁溪鄉公園路61~90號,60.94,其他,,,10409,土地1建物1車位1,三層,六層,華廈(10層含以下有電梯),見其他登記事項,鋼筋混凝土造,1040615,169.9,3,0,3,有,有,19000000,111830,升降機械,27.97,0,,RPPOMLRJKIKFFBG97CA
礁溪鄉,房地(土地+建物)+車位,宜蘭縣礁溪鄉公園路61~90號,121.54,其他,,,10409,土地1建物2車位1,五層,六層,華廈(10層含以下有電梯),見其他登記事項,鋼筋混凝土造,1040615,319.16999999999996,2,0,2,有,有,38000000,119059,坡道平面,27.97,0,,RPVOMLOJKIKFFBG28CA
宜蘭市,土地,新張段361~390地號,12782.0,,特定農業區,丁種建築用地,10409,土地5建物0車位0,,,其他,,,,0.0,0,0,0,有,無,238000000,18620,,0.0,0,股東間買賣,RPXNMLLJKIKFFBG08CA
宜蘭市,房地(土地+建物),宜蘭縣宜蘭巿鎮平路31~60號,93.0,,特定農業區,甲種建築用地,10409,土地1建物1車位0,全,二層,透天厝,住家用,鋼筋混凝土加強磚造,0701019,118.13,4,2,2,有,無,8000000,67722,,0.0,0,含未保存登記第三層(鋼鐵造)60.1平方公尺,RPOPMLLJKIKFFBG37CA
宜蘭市,房地(土地+建物),宜蘭縣宜蘭巿國榮路142巷1~30號,131.88,住,,,10410,土地2建物1車位0,全,四層,透天厝,見其他登記事項,鋼筋混凝土造,1040825,323.75,5,2,6,有,無,20500000,63320,,0.0,0,,RPQNMLKKJIKFFBG27CA
壯圍鄉,土地,壯志段1~30地號,237.5,,特定農業區,甲種建築用地,10410,土地1建物0車位0,,,其他,,,,0.0,0,0,0,有,無,2000000,8421,,0.0,0,親友、員工或其他特殊關係間之交易。,RPSNMLKKJIKFFBG47CA
宜蘭市,房地(土地+建物),宜蘭縣宜蘭巿黎明三路329巷1~30號,36.46,住,,,10410,土地1建物1車位0,二層,六層,華廈(10層含以下有電梯),住家用,鋼筋混凝土造,0850624,164.62,3,2,2,有,有,5000000,30373,,0.0,0,土地增值稅及其他與本部動產過戶相關稅費皆由買方負擔,RPQOMLSKJIKFFBG18CA
宜蘭市,房地(土地+建物),宜蘭縣宜蘭巿女中路二段421~450號,14.59,住,,,10409,土地1建物1車位0,七層,八層,華廈(10層含以下有電梯),住家用,鋼筋混凝土造,0840715,102.63000000000001,2,2,2,有,有,4350000,42385,,0.0,0,,RPQNMLSKJIKFFBG08CA
員山鄉,土地,三泰段961~990地號,199.0,,特定農業區,甲種建築用地,10409,土地1建物0車位0,,,其他,,,,0.0,0,0,0,有,無,3104400,15600,,0.0,0,親友間之交易。,RPWOMLTJJIKFFBG78CA
壯圍鄉,土地,五權段151~180地號,2375.0,,特定農業區,農牧用地,10410,土地1建物0車位0,,,其他,,,,0.0,0,0,0,有,無,7184400,3025,,0.0,0,,RPXNMLKKJIKFFBG97CA
冬山鄉,土地,北富段631~660地號,1240.0,,特定農業區,甲種建築用地,10410,土地1建物0車位0,,,其他,,,,0.0,0,0,0,有,無,30008000,24200,,0.0,0,,RPRNMLOLJIKFFAG77CA
羅東鎮,房地(土地+建物),宜蘭縣羅東鎮豐年路119巷3弄61~90號,105.0,住,,,10410,土地1建物1車位0,全,四層,透天厝,見其他登記事項,鋼筋混凝土造,1030304,231.68,4,2,5,有,無,18800000,81146,,0.0,0,,RPSOMLKLJIKFFAG57CA
羅東鎮,房地(土地+建物),宜蘭縣羅東鎮羅莊街1~30號,111.75,,特定農業區,甲種建築用地,10410,土地2建物1車位0,全,三層,透天厝,見其他登記事項,鋼筋混凝土造,1040918,210.61,5,2,5,有,無,8680000,41214,,0.0,0,,RPROMLTKJIKFFAG28CA
羅東鎮,房地(土地+建物),宜蘭縣羅東鎮羅莊街1~30號,143.55,,特定農業區,甲種建築用地,10410,土地3建物1車位0,全,三層,透天厝,見其他登記事項,鋼筋混凝土造,1040918,209.76,5,2,5,有,無,8680000,41381,,0.0,0,,RPUOMLTKJIKFFAG58CA
羅東鎮,房地(土地+建物),宜蘭縣羅東鎮純精路三段181~210號,28.78,住,,,10410,土地2建物2車位0,三層,六層,華廈(10層含以下有電梯),住家用,鋼筋混凝土造,0830610,119.22999999999999,2,2,1,有,有,5200000,43613,,0.0,0,,RPPQMLRKJIKFFAG08CA
冬山鄉,土地,梅山段391~420地號,1401.38,,特定農業區,農牧用地,10410,土地1建物0車位0,,,其他,,,,0.0,0,0,0,有,無,4020000,2869,,0.0,0,,RPUNMLSKJIKFFAG38CA
五結鄉,土地,保昌段31~60地號,631.0,住,,,10411,土地1建物0車位0,,,其他,,,,0.0,0,0,0,有,無,52890000,83819,,0.0,0,,RPTQMLRKJIKFFAG48CA
五結鄉,房地(土地+建物),宜蘭縣五結鄉中正東路60巷1~30號,68.02,住,,,10410,土地1建物1車位0,全,二層,透天厝,住家用,鋼筋混凝土加強磚造,0650430,87.99,3,2,2,有,無,4150000,47164,,0.0,0,,RPPNMLQJJIKFFAG57CA
冬山鄉,房地(土地+建物),宜蘭縣冬山鄉永清路15巷1~30號,99.03,住,,,10410,土地1建物1車位0,全,二層,透天厝,住家用,鋼筋混凝土加強磚造,0650706,103.88,3,1,2,有,無,3300000,31767,,0.0,0,,RPSNMLQJJIKFFAG87CA
羅東鎮,房地(土地+建物),宜蘭縣羅東鎮民權路241~270號,98.0,住,,,10410,土地1建物1車位0,全,三層,透天厝,住家用,鋼筋混凝土加強磚造,0610115,210.72,2,3,3,有,無,17500000,83049,,0.0,0,,RPPNMLRJJIKFFAG67CA
冬山鄉,房地(土地+建物),宜蘭縣冬山鄉冬山路三段511~540號,111.1,商,,,10409,土地1建物1車位0,全,一層,透天厝,住家用,鋼筋混凝土加強磚造,0701022,59.5,2,2,1,有,無,8100000,136134,,0.0,0,,RPTNMLLKJIKFFAG57CA
羅東鎮,土地,新群一段121~150地號,2736.4,,特定農業區,農牧用地,10410,土地1建物0車位0,,,其他,,,,0.0,0,0,0,有,無,14000000,5116,,0.0,0,,RPPPMLKKJIKFFAG27CA
羅東鎮,房地(土地+建物),宜蘭縣羅東鎮樂群街7巷1~30號,27.65,商,,,10410,土地3建物1車位0,五層,五層,公寓(5樓含以下無電梯),住家用,鋼筋混凝土造,0701229,106.06,3,2,1,有,無,2500000,23572,,0.0,0,,RPXOMLKKJIKFFAG97CA
五結鄉,土地,孝威段61~90地號,258.0,,鄉村區,乙種建築用地,10410,土地1建物0車位0,,,其他,,,,0.0,0,0,0,有,無,4100000,15891,,0.0,0,,RPTNMLKKJIKFFAG47CA
羅東鎮,房地(土地+建物),宜蘭縣羅東鎮清潭路91~120號,62.88,商,,,10410,土地1建物1車位0,全,三層,透天厝,住家用,鋼筋混凝土造,0681130,133.98,3,2,2,有,無,6000000,44783,,0.0,0,,RPROMLKKJIKFFAG37CA
三星鄉,土地,行健段601~630地號,3229.0,,特定農業區,農牧用地,10410,土地2建物0車位0,,,其他,,,,0.0,0,0,0,有,無,7032000,2178,,0.0,0,,RPUOMLKKJIKFFAG67CA
五結鄉,房地(土地+建物),宜蘭縣五結鄉公園路98巷1~30號,34.52,,特定農業區,甲種建築用地,10410,土地1建物2車位0,九層,十層,華廈(10層含以下有電梯),住家用,鋼筋混凝土造,0860619,123.65,0,0,1,無,無,5600000,45289,,0.0,0,,RPPOMLRKJIKFFAG87CA
五結鄉,土地,中福段1351~1380地號,18.0,住,,,10410,土地2建物0車位0,,,其他,,,,0.0,0,0,0,有,無,300000,16667,,0.0,0,1.親屬間之特殊交易(姑孫).,RPPNMLOKJIKFFAG47CA
羅東鎮,房地(土地+建物),宜蘭縣羅東鎮站前南路159巷1~30號,30.4,住,,,10409,土地1建物1車位0,四層,五層,公寓(5樓含以下無電梯),住家用,鋼筋混凝土造,0770524,81.33999999999999,2,1,1,有,無,2500000,30735,,0.0,0,,RPROMLNKJIKFFAG67CA
羅東鎮,房地(土地+建物),宜蘭縣羅東鎮中山路四段317巷1~30號,110.0,住,,,10410,土地2建物1車位0,全,四層,透天厝,見其他登記事項,鋼筋混凝土造,1040521,289.76,4,2,5,有,無,19000000,65572,,0.0,0,,RPPNMLNKJIKFFAG37CA
蘇澳鎮,房地(土地+建物),宜蘭縣蘇澳鎮光明路31~60號,79.45,商,,,10410,土地1建物1車位0,全,二層,透天厝,住家用,加強磚造,0540101,125.66,2,1,2,有,無,2100000,16712,,0.0,0,另有增建,約5坪,RPVOMLKKJIKFFAG77CA
冬山鄉,土地,富農段781~810地號,2976.0,,特定農業區,農牧用地,10410,土地1建物0車位0,,,其他,,,,0.0,0,0,0,有,無,7000000,2352,,0.0,0,,RPWOMLKKJIKFFAG87CA
蘇澳鎮,土地,思村段931~960地號,19.3,住,,,10410,土地1建物0車位0,,,其他,,,,0.0,0,0,0,有,無,400000,20725,,0.0,0,,RPTOMLKKJIKFFAG57CA
三星鄉,土地,紅柴林段紅柴林小段811~840地號,80.0,,一般農業區,農牧用地,10410,土地1建物0車位0,,,其他,,,,0.0,0,0,0,有,無,266200,3328,,0.0,0,,RPRNMLKKJIKFFAG27CA
冬山鄉,房地(土地+建物),宜蘭縣冬山鄉永清路297巷31~60號,70.57,住,,,10410,土地1建物1車位0,全,二層,透天厝,住家用,鋼筋混凝土加強磚造,0641004,83.95,2,2,2,有,無,5100000,60750,,0.0,0,,RPTNMLTKJIKFFAG38CA
五結鄉,土地,國民一段931~960地號,134.38,,特定農業區,農牧用地,10411,土地1建物0車位0,,,其他,,,,0.0,0,0,0,有,無,609767,4538,,0.0,0,,RPQOMLTKJIKFFAG18CA
羅東鎮,房地(土地+建物),宜蘭縣羅東鎮站前南路211~240號,107.0,住,,,10410,土地3建物1車位0,全,三層,透天厝,住家用,鋼筋混凝土造,0720111,189.36,4,3,3,有,無,10500000,55450,,0.0,0,,RPUNMLOLJIKFFAG08CA
五結鄉,土地,國民一段901~930地號,339.47,,特定農業區,甲種建築用地,10402,土地3建物0車位0,,,其他,,,,0.0,0,0,0,有,無,5573000,16417,,0.0,0,1.與104年其他案號合併計價  2.農地每坪15,000元,建地每坪80,000元,RPQNMLNLJIKFFAG57CA
五結鄉,房地(土地+建物),宜蘭縣五結鄉利寶路121~150號,151.88,,鄉村區,乙種建築用地,10410,土地2建物1車位0,全,二層,透天厝,住家用,加強磚造,0670725,91.08,4,2,2,有,無,1800000,19763,,0.0,0,含增建或未登記建物。本案為兄弟間買賣,RPTOMLPLJIKFFAG18CA
礁溪鄉,房地(土地+建物),宜蘭縣礁溪鄉忠孝路97巷45弄1~30號,295.48,住,,,10410,土地1建物1車位0,全,三層,透天厝,見其他登記事項,鋼筋混凝土造,1011224,311.13,3,3,4,有,無,67200000,215987,,0.0,0,,RPSOMLKKJIKFFBG57CA
礁溪鄉,土地,玉光一段571~600地號,20.16,,特定農業區,甲種建築用地,10410,土地1建物0車位0,,,其他,,,,0.0,0,0,0,有,無,200000,9921,,0.0,0,共有物之交易。,RPTNMLLKJIKFFBG67CA
壯圍鄉,房地(土地+建物)+車位,宜蘭縣壯圍鄉壯五路109巷31~60號,34.23,住,,,10410,土地1建物1車位1,三層,六層,華廈(10層含以下有電梯),住家用,鋼筋混凝土造,0820129,167.14,3,2,2,有,有,4700000,28120,坡道平面,0.0,0,,RPSOMLLKJIKFFBG67CA
礁溪鄉,土地,龍泉段421~450地號,1010.2,住,,,10409,土地2建物0車位0,,,其他,,,,0.0,0,0,0,有,無,24737000,24487,,0.0,0,,RPRNMLTJJIKFFBG18CA
礁溪鄉,房地(土地+建物),宜蘭縣礁溪鄉柴圍路91~120號,109.66,,特定農業區,甲種建築用地,10410,土地2建物1車位0,全,三層,透天厝,住家用,鋼筋混凝土造,0840826,167.71,5,2,2,有,無,6800000,40546,,0.0,0,,RPPNMLRJJIKFFBG77CA
礁溪鄉,房地(土地+建物),宜蘭縣礁溪鄉礁溪路二段132巷1~30號,67.0,,特定農業區,甲種建築用地,10410,土地1建物1車位0,全,二層,透天厝,住家用,鋼筋混凝土加強磚造,0701224,109.76,4,2,3,有,無,4800000,43732,,0.0,0,,RPSNMLSKJIKFFBG28CA
礁溪鄉,土地,光武段1~30地號,1240.0,,特定農業區,農牧用地,10410,土地1建物0車位0,,,其他,,,,0.0,0,0,0,有,無,9300000,7500,,0.0,0,配建,建物部份由買方出資新建,RPVNMLRKJIKFFBG48CA
宜蘭市,房地(土地+建物),宜蘭縣宜蘭巿東港路1~30號,100.48,商,,,10410,土地1建物1車位0,全,四層,透天厝,見其他登記事項,鋼筋混凝土造,1040731,314.5,4,3,7,有,無,28000000,89030,,0.0,0,,RPRNMLOKJIKFFBG77CA
礁溪鄉,房地(土地+建物),宜蘭縣礁溪鄉化龍街1~30號,16.21,住,,,10410,土地1建物1車位0,六層,六層,華廈(10層含以下有電梯),住家用,鋼筋混凝土造,0860811,83.09,2,1,1,有,有,3860000,46456,,0.0,0,,RPTNMLPLJIKFFBG18CA
礁溪鄉,房地(土地+建物),宜蘭縣礁溪鄉公園路61~90號,60.6,其他,,,10409,土地1建物1車位0,四層,六層,華廈(10層含以下有電梯),見其他登記事項,鋼筋混凝土造,1040615,149.26999999999998,3,0,3,有,有,19000000,127286,,0.0,0,,RPXOMLOJKIKFFBG48CA
礁溪鄉,房地(土地+建物),宜蘭縣礁溪鄉奇立丹路195巷2弄1~30號,10.01,,特定農業區,甲種建築用地,10410,土地1建物1車位0,三層,六層,套房(1房1廳1衛),住家用,鋼筋混凝土造,0840413,46.99,0,0,1,無,無,1550000,32986,,0.0,0,,RPTNMLRJKIKFFBG28CA
礁溪鄉,房地(土地+建物),宜蘭縣礁溪鄉信義路34巷1~30號,6.13,商,,,10409,土地2建物1車位0,五層,十三層,套房(1房1廳1衛),見其他登記事項,鋼筋混凝土造,0971231,55.2,1,1,1,有,有,5800000,105072,,0.0,0,本案停車位為每日先到先停;本案所有權人為兩人共同持有。,RPWNMLRJKIKFFBG58CA
宜蘭市,房地(土地+建物),宜蘭縣宜蘭巿延平路42巷2弄1~30號,21.22,住,,,10410,土地1建物1車位0,四層,七層,華廈(10層含以下有電梯),住家用,鋼筋混凝土造,0821231,111.85,2,2,1,有,有,5650000,50514,,0.0,0,,RPRNMLNLJIKFFBG77CA
五結鄉,房地(土地+建物),宜蘭縣五結鄉仁五路一段51巷1~30號,109.32,農,,,10410,土地3建物1車位0,全,三層,透天厝,住家用,見其他登記事項,1040708,187.68,4,2,4,有,無,8300000,44224,,0.0,0,,RPSPMLTJJIKFFAG58EA
羅東鎮,房地(土地+建物),宜蘭縣羅東鎮公正路361~390號,13.1,住,,,10410,土地1建物1車位0,六層,十二層,住宅大樓(11層含以上有電梯),住家用,鋼筋混凝土造,0841128,118.53999999999999,2,1,2,有,有,3000000,25308,,0.0,0,此交易總價為買清價格,RPWNMLKKJIKFFAG97EA
宜蘭市,房地(土地+建物),宜蘭縣宜蘭巿負郭路25巷2弄1~30號,37.32,住,,,10410,土地1建物1車位0,四層,四層,公寓(5樓含以下無電梯),住家用,鋼筋混凝土加強磚造,0700217,82.0,1,1,1,有,無,2000000,24390,,0.0,0,,RPVOMLTJJIKFFBG88EA
宜蘭市,房地(土地+建物),宜蘭縣宜蘭巿成功路1~30號,46.5,住,,,10410,土地1建物1車位0,一層，二層，三層，四層，騎樓,四層,店面(店鋪),見其他登記事項,鋼骨鋼筋混凝土造,0900627,125.16,4,2,4,有,無,6900000,55129,,0.0,0,姐妹買賣,RPPNMLQJJIKFFBG87EA
礁溪鄉,土地,大林尾段541~570地號,577.58,,山坡地保育區,農牧用地,10410,土地2建物0車位0,,,其他,,,,0.0,0,0,0,有,無,202151,350,,0.0,0,所有權人共二人、親屬間買賣,RPWNMLNJKIKFFBG38EA
礁溪鄉,土地,大林尾段661~690地號,946.16,,山坡地保育區,林業用地,10410,土地1建物0車位0,,,其他,,,,0.0,0,0,0,有,無,251679,266,,0.0,0,所有權人共二人、親屬間買賣,RPXNMLNJKIKFFBG48EA
壯圍鄉,房地(土地+建物),宜蘭縣壯圍鄉永美路三段70巷1~30號,2137.0,,特定農業區,農牧用地,10409,土地1建物1車位0,一層，二層，三層,三層,農舍,農舍,鋼筋混凝土造,1040908,432.64,8,3,3,有,無,19800000,,,0.0,0,,RPUUMLRJKIKFFBG66EA
礁溪鄉,房地(土地+建物),宜蘭縣礁溪鄉四結91~120號,142.83,住,,,10410,土地4建物1車位0,全,四層,透天厝,見其他登記事項,鋼筋混凝土造,1040819,258.81,4,2,4,有,無,11000000,42502,,0.0,0,,RPXNMLTKJIKFFBG09EA
礁溪鄉,房地(土地+建物),宜蘭縣礁溪鄉德陽街1~30號,12.65,住,,,10409,土地3建物1車位0,四層,七層,套房(1房1廳1衛),住家用,鋼筋混凝土造,0721124,63.97,1,1,1,有,有,2650000,41426,,0.0,0,,RPRNMLLKJIKFFBG67EA
員山鄉,土地,隘界二段181~210地號,1572.25,,河川區,農牧用地,10410,土地1建物0車位0,,,其他,,,,0.0,0,0,0,有,無,2202000,1401,,0.0,0,,RPOOMLKLJIKFFBG37DA
員山鄉,土地,隘界二段181~210地號,1842.48,,河川區,農牧用地,10410,土地1建物0車位0,,,其他,,,,0.0,0,0,0,有,無,2579500,1400,,0.0,0,,RPPOMLKLJIKFFBG47DA
員山鄉,房地(土地+建物),宜蘭縣員山鄉永同路二段91~120號,135.77,,鄉村區,乙種建築用地,10410,土地1建物1車位0,全,三層,透天厝,住家用,鋼筋混凝土造,1040702,248.57,5,2,5,有,無,10880000,43770,,0.0,0,,RPPNMLMLJIKFFBG47CA
宜蘭市,車位,宜蘭縣宜蘭巿農權路三段61~90號,0.0,,,,10410,土地0建物0車位1,,,其他,,,,32.7,0,0,0,有,有,150000,,升降機械,0.0,150000,,RPUOMLNLJIKFFBG18CA
礁溪鄉,房地(土地+建物),宜蘭縣礁溪鄉德陽路1~30號,7.12,其他,,,10410,土地3建物1車位0,八層,八層,套房(1房1廳1衛),商業用,鋼筋混凝土造,0710727,44.93000000000001,1,0,1,有,無,1200000,26708,,0.0,0,,RPVNMLQKJIKFFBG38CA
頭城鎮,土地,新二圍段931~960地號,513.22,,特定農業區,農牧用地,10409,土地1建物0車位0,,,其他,,,,0.0,0,0,0,有,無,3720000,7248,,0.0,0,,RPUQMLMKJIKFFBG18CA
宜蘭市,房地(土地+建物),宜蘭縣宜蘭巿民權新路47巷1~30號,27.97,住,,,10410,土地1建物1車位0,一層,五層,公寓(5樓含以下無電梯),住家用,鋼筋混凝土造,0720511,93.96000000000001,3,1,2,有,無,5320000,56620,,0.0,0,早期國宅。,RPUNMLSKJIKFFBG48CA
礁溪鄉,土地,開蘭二段1171~1200地號,4118.18,農,,,10409,土地3建物0車位0,,,其他,,,,0.0,0,0,0,有,無,84710320,20570,,0.0,0,,RPWNMLLKJIKFFBG97CA
五結鄉,房地(土地+建物),宜蘭縣五結鄉孝威南路1~30號,48.81,,特定農業區,甲種建築用地,10410,土地1建物1車位0,一層，地下一層,三層,公寓(5樓含以下無電梯),見其他登記事項,鋼筋混凝土造,0840524,167.21,3,3,2,有,無,5300000,31697,,0.0,0,一層及地下一層，土地增值稅由買方負擔。,RPQOMLNKJIKFFAG57CA
三星鄉,土地,集慶段421~450地號,135.07,商,,,10410,土地1建物0車位0,,,其他,,,,0.0,0,0,0,有,無,6198362,45890,,0.0,0,,RPSNMLKKJIKFFAG37CA
三星鄉,土地,尚義段391~420地號,1093.0,,特定農業區,農牧用地,10410,土地1建物0車位0,,,其他,,,,0.0,0,0,0,有,無,2750000,2516,,0.0,0,,RPUNMLLKJIKFFAG67CA
羅東鎮,房地(土地+建物),宜蘭縣羅東鎮維揚路26巷1~30號,8.5,住,,,10410,土地1建物1車位0,二層,六層,套房(1房1廳1衛),住家用,鋼筋混凝土造,0970519,36.92,1,1,1,有,有,2650000,71777,,0.0,0,,RPUNMLNKJIKFFAG87CA
羅東鎮,房地(土地+建物),宜蘭縣羅東鎮維揚路26巷1~30號,8.5,住,,,10409,土地1建物1車位0,三層,六層,套房(1房1廳1衛),住家用,鋼筋混凝土造,0970519,36.93,1,1,1,有,有,2700000,73111,,0.0,0,,RPVNMLNKJIKFFAG97CA
五結鄉,土地,利工段1~30地號,4000.18,,工業區,丁種建築用地,10410,土地2建物0車位0,,,其他,,,,0.0,0,0,0,有,無,48402000,12100,,0.0,0,,RPPOMLQKJIKFFAG77CA
五結鄉,土地,利工段661~690地號,231.0,,工業區,丁種建築用地,10410,土地1建物0車位0,,,其他,,,,0.0,0,0,0,有,無,4332560,18756,,0.0,0,,RPQNMLRKJIKFFAG87CA
羅東鎮,房地(土地+建物)+車位,宜蘭縣羅東鎮忠義巷61~90號,37.1,住,,,10410,土地1建物1車位1,三層,六層,華廈(10層含以下有電梯),住家用,鋼筋混凝土造,0830504,139.93,3,2,2,有,無,6600000,47166,一樓平面,0.0,0,,RPSNMLNKJIKFFAG67CA
五結鄉,房地(土地+建物),宜蘭縣五結鄉孝威二路65巷1~30號,94.0,,特定農業區,甲種建築用地,10410,土地3建物1車位0,全,三層,透天厝,住家用,見其他登記事項,1040416,161.21,4,2,4,有,無,8170000,50679,,0.0,0,,RPPNMLLKJIKFFAG17CA
五結鄉,土地,五結段811~840地號,6604.0,工,,,10410,土地1建物0車位0,,,其他,,,,0.0,0,0,0,有,無,107670000,16304,,0.0,0,,RPQNMLLKJIKFFAG27CA
三星鄉,土地,紅柴林段紅柴林小段841~870地號,5905.0,,一般農業區,農牧用地,10410,土地5建物0車位0,,,其他,,,,0.0,0,0,0,有,無,17862600,3025,,0.0,0,,RPOOMLLKJIKFFAG17CA
五結鄉,房地(土地+建物)+車位,宜蘭縣五結鄉季水路清水一巷1弄91~120號,53.46,,鄉村區,乙種建築用地,10410,土地1建物1車位1,三層，四層,四層,公寓(5樓含以下無電梯),住家用,鋼筋混凝土造,0870602,154.9,3,2,2,有,無,3550000,22918,坡道平面,0.0,0,重疊別墅第3.4層。,RPSOMLLKJIKFFAG57CA
羅東鎮,房地(土地+建物),宜蘭縣羅東鎮光華街1~30號,12.92,商,,,10410,土地1建物1車位0,六層,六層,華廈(10層含以下有電梯),住家用,鋼筋混凝土造,0821105,77.64,2,1,1,有,有,3200000,41216,,0.0,0,,RPTOMLLKJIKFFAG67CA
蘇澳鎮,房地(土地+建物),宜蘭縣蘇澳鎮中山路二段160巷1~30號,38.11,住,,,10409,土地1建物1車位0,二層,五層,華廈(10層含以下有電梯),見其他登記事項,鋼筋混凝土造,0850109,133.6,3,2,2,有,無,2050000,15344,,0.0,0,,RPOPMLKKJIKFFAG17CA
羅東鎮,房地(土地+建物),宜蘭縣羅東鎮純精路三段36巷1~30號,76.0,住,,,10410,土地1建物1車位0,全,二層,透天厝,住家用,鋼筋混凝土加強磚造,0600115,99.9,3,3,3,有,無,6100000,61061,,0.0,0,本案有未辦理保存登記之建物，面積71.2平方公尺。,RPPOMLKKJIKFFAG17CA
五結鄉,房地(土地+建物)+車位,宜蘭縣五結鄉利澤西路1~30號,39.61,,一般農業區,甲種建築用地,10410,土地1建物1車位1,四層,十二層,住宅大樓(11層含以上有電梯),住家用,鋼筋混凝土造,0841005,145.5,3,1,2,有,無,4150000,28522,其他,0.0,0,,RPSQMLRKJIKFFAG38CA
五結鄉,房地(土地+建物),宜蘭縣五結鄉三結二路368巷1~30號,74.55,農,,,10410,土地4建物1車位0,全,三層,透天厝,住家用,見其他登記事項,1000822,136.67,4,2,3,有,無,7300000,53413,,0.0,0,,RPQNMLTKJIKFFAG08CA
羅東鎮,房地(土地+建物),宜蘭縣羅東鎮羅莊街1~30號,119.32,,特定農業區,甲種建築用地,10410,土地2建物1車位0,全,三層,透天厝,見其他登記事項,鋼筋混凝土造,1040918,210.61,5,2,5,有,無,7880000,37415,,0.0,0,,RPVNMLKLJIKFFAG77CA
宜蘭市,房地(土地+建物),宜蘭縣宜蘭巿女中路二段231巷7弄1~30號,107.0,住,,,10409,土地3建物1車位0,全,三層,透天厝,住家用,鋼筋混凝土造,0771229,165.75,3,2,2,有,無,6700000,40422,,0.0,0,,RPXNMLLKJIKFFBG08CA
員山鄉,土地,枕山段61~90地號,955.36,,一般農業區,農牧用地,10410,土地2建物0車位0,,,其他,,,,0.0,0,0,0,有,無,3600000,3768,,0.0,0,,RPPOMLLKJIKFFBG37CA
員山鄉,房地(土地+建物),宜蘭縣員山鄉永同路三段160巷11弄1~30號,121.76,,一般農業區,甲種建築用地,10410,土地1建物1車位0,全,二層,透天厝,住家用,鋼筋混凝土加強磚造,0720804,117.92,4,1,2,有,無,2000000,16961,,0.0,0,,RPQOMLLKJIKFFBG47CA
宜蘭市,土地,壯一段1~30地號,30.0,住,,,10408,土地1建物0車位0,,,其他,,,,0.0,0,0,0,有,無,1580000,52667,,0.0,0,,RPTOMLLKJIKFFBG77CA
宜蘭市,房地(土地+建物)+車位,宜蘭縣宜蘭巿國榮路151~180號,36.43,住,,,10410,土地1建物1車位1,五層,十四層,住宅大樓(11層含以上有電梯),住家用,鋼筋混凝土造,0930927,179.56,3,2,2,有,有,7000000,38984,坡道平面,0.0,0,,RPOPMLLKJIKFFBG37CA
礁溪鄉,土地,玉光一段571~600地號,20.16,,特定農業區,甲種建築用地,10410,土地1建物0車位0,,,其他,,,,0.0,0,0,0,有,無,200000,9921,,0.0,0,共有物之交易。,RPUNMLLKJIKFFBG77CA
宜蘭市,房地(土地+建物),宜蘭縣宜蘭巿建業路91~120號,162.43,住,,,10409,土地2建物1車位0,全,三層,透天厝,見其他登記事項,鋼骨鋼筋混凝土造,1040518,269.86,4,2,5,有,無,20000000,74113,,0.0,0,,RPUNMLRKJIKFFBG38CA
員山鄉,房地(土地+建物),宜蘭縣員山鄉三鬮路199巷1~30號,114.83,,特定農業區,甲種建築用地,10410,土地3建物1車位0,全,三層,透天厝,住家用,鋼筋混凝土造,1040907,186.01,4,2,5,有,無,9500000,51073,,0.0,0,1、本案為預售屋，私契日期:103.10.3      2、該持分土地係無價金提供承買人作為道路通行之用。,RPSPMLMKJIKFFBG87CA
頭城鎮,土地,新二圍段931~960地號,1018.59,,特定農業區,農牧用地,10409,土地1建物0車位0,,,其他,,,,0.0,0,0,0,有,無,7400000,7265,,0.0,0,,RPTQMLMKJIKFFBG08CA
羅東鎮,房地(土地+建物),宜蘭縣羅東鎮新興街31~60號,46.0,住,,,10410,土地1建物1車位0,四層,五層,公寓(5樓含以下無電梯),住家用,鋼筋混凝土造,0850819,162.95,7,1,7,有,有,6250000,38355,,0.0,0,,RPVOMLOLJIKFFAG28CA
礁溪鄉,房地(土地+建物),宜蘭縣礁溪鄉化龍街8巷1~30號,10.4,住,,,10410,土地1建物1車位0,五層,六層,套房(1房1廳1衛),住家用,鋼筋混凝土造,0860811,59.36,1,1,1,有,無,3000000,50539,,0.0,0,,RPQOMLNKJIKFFBG67CA
宜蘭市,房地(土地+建物),宜蘭縣宜蘭巿南橋一路268巷1~30號,132.46,,特定農業區,甲種建築用地,10410,土地5建物1車位0,全,四層,透天厝,見其他登記事項,鋼筋混凝土造,1040708,258.93,4,3,5,有,無,11000000,42483,,0.0,0,,RPWNMLOLJIKFFBG38CA
宜蘭市,房地(土地+建物),宜蘭縣宜蘭巿南橋一路268巷1~30號,125.46,,特定農業區,甲種建築用地,10410,土地5建物1車位0,全,四層,透天厝,見其他登記事項,鋼筋混凝土造,1040708,242.77,4,3,5,有,無,10600000,43663,,0.0,0,,RPXNMLOLJIKFFBG48CA
礁溪鄉,土地,三民一段271~300地號,245.8,,特定農業區,甲種建築用地,10410,土地1建物0車位0,,,其他,,,,0.0,0,0,0,有,無,5753700,23408,,0.0,0,,RPUNMLTKJIKFFBG58CA
礁溪鄉,土地,開蘭二段781~810地號,10.87,住,,,10410,土地2建物0車位0,,,其他,,,,0.0,0,0,0,有,無,150000,13799,,0.0,0,社區私設道路用地及公共設施用地,RPVNMLTKJIKFFBG68CA
宜蘭市,房地(土地+建物),宜蘭縣宜蘭巿延平路41巷53弄31~60號,121.64,住,,,10410,土地2建物1車位0,全,三層,透天厝,見其他登記事項,鋼筋混凝土造,1040828,267.31,4,2,5,有,無,14580000,54543,,0.0,0,,RPTOMLKLJIKFFBG77CA
宜蘭市,土地,宜榮段661~690地號,70.0,農,,,10410,土地2建物0車位0,,,其他,,,,0.0,0,0,0,有,無,2117500,30250,,0.0,0,權利人共四人;供建地通行使用,RPXOMLOLJIKFFBG58CA
宜蘭市,房地(土地+建物),宜蘭縣宜蘭巿大坡路一段31~60號,3.47,商,,,10410,土地2建物1車位0,十二層,十二層,套房(1房1廳1衛),住家用,鋼筋混凝土造,0830820,33.42,0,0,0,無,有,1000000,29922,,0.0,0,親友、員工或其他特殊關係間之交易。,RPTNMLNJKIKFFBG87CA
頭城鎮,房地(土地+建物),宜蘭縣頭城鎮武營路61~90號,24.23,住,,,10410,土地1建物1車位0,六層,六層,華廈(10層含以下有電梯),住家用,鋼筋混凝土造,0850607,110.84,3,2,2,有,無,3600000,32479,,0.0,0,,RPUNMLLJKIKFFBG87DA
壯圍鄉,土地,復興段1081~1110地號,1488.0,,特定農業區,農牧用地,10410,土地1建物0車位0,,,其他,,,,0.0,0,0,0,有,無,3195852,2148,,0.0,0,,RPPNMLLKJIKFFBG47EA
礁溪鄉,土地,忠義段511~540地號,9.72,住,,,10410,土地20建物0車位0,,,其他,,,,0.0,0,0,0,有,無,500000,51440,,0.0,0,1地上房屋未保存持分二分之一(第一層)、2基於朋友間情誼關係,房地以前揭價款,雙方成立買賣,但土地稅款計81995由承買人負責繳文,RPQNMLLKJIKFFBG57EA
宜蘭市,房地(土地+建物),宜蘭縣宜蘭巿民權新路61~90號,84.0,住,,,10409,土地2建物1車位0,全,三層,透天厝,住家用,鋼筋混凝土加強磚造,0650712,147.38,5,2,3,有,無,12000000,81422,,0.0,0,二等親買賣,RPPNMLNKJIKFFBG67EA
員山鄉,土地,枕山段271~300地號,2327.86,,一般農業區,農牧用地,10407,土地1建物0車位0,,,其他,,,,0.0,0,0,0,有,無,4200000,1804,,0.0,0,,RPVNMLKKKIKFFBG08EA
頭城鎮,土地,大坑罟段151~180地號,57.0,住,,,10411,土地1建物0車位0,,,其他,,,,0.0,0,0,0,有,無,910500,15974,,0.0,0,,RPQNMLNKJIKFFBG77EA
頭城鎮,土地,外大溪段301~330地號,112.39,住,,,10410,土地1建物0車位0,,,其他,,,,0.0,0,0,0,有,無,3300000,29362,,0.0,0,,RPVNMLQKJIKFFBG58EA
五結鄉,土地,保昌段1~30地號,343.3,住,,,10411,土地1建物0車位0,,,其他,,,,0.0,0,0,0,有,無,36690000,106874,,0.0,0,向宜蘭縣政府承購,RPUNMLTKJIKFFAG68EA
壯圍鄉,土地,功勞段571~600地號,215.83,,特定農業區,甲種建築用地,10411,土地2建物0車位0,,,其他,,,,0.0,0,0,0,有,無,500000,2317,,0.0,0,含未保存建物一棟,持分50000/100000,面積66.90,兄弟間買賣,RPOOMLOKKIKFFBG67CA
宜蘭市,房地(土地+建物),宜蘭縣宜蘭巿女中路二段231巷1~30號,70.0,住,,,10410,土地1建物1車位0,全,二層,透天厝,住家用,鋼筋混凝土加強磚造,,91.36,3,2,2,有,無,5500000,60201,,0.0,0,,RPOOMLNKJIKFFBG57DA
冬山鄉,土地,鹿安一段1441~1470地號,1338.99,,特定農業區,農牧用地,10409,土地1建物0車位0,,,其他,,,,0.0,0,0,0,有,無,3442500,2571,,0.0,0,,RPXNMLLKJIKFFAG18EA
五結鄉,土地,保昌段31~60地號,375.56,住,,,10411,土地2建物0車位0,,,其他,,,,0.0,0,0,0,有,無,34783078,92617,,0.0,0,向宜蘭縣政府承購,RPOOMLMKJIKFFAG47EA
羅東鎮,房地(土地+建物),宜蘭縣羅東鎮維揚路101巷2弄1~30號,85.0,住,,,10410,土地1建物1車位0,全,三層,透天厝,住家用,鋼筋混凝土造,0710227,153.72,4,1,3,有,無,6510000,42350,,0.0,0,本案有未辦保存登記之建物第一層面積8.00平方公尺,RPRNMLNKJIKFFAG77EA
五結鄉,土地,保昌段31~60地號,162.52,住,,,10411,土地1建物0車位0,,,其他,,,,0.0,0,0,0,有,無,14767789,90868,,0.0,0,1.權利人共二人   2.向宜蘭縣政府承購,RPPNMLQKJIKFFAG87EA
礁溪鄉,土地,常興段361~390地號,1091.67,,一般農業區,農牧用地,10410,土地3建物0車位0,,,其他,,,,0.0,0,0,0,有,無,2074167,1900,,0.0,0,親友、員工或其他特殊關係間之交易。,RPPPMLRLJIKFFBG18CA
礁溪鄉,房地(土地+建物),宜蘭縣礁溪鄉德陽路62巷1~30號,19.6,住,,,10410,土地1建物1車位0,十一層，十二層,十三層,住宅大樓(11層含以上有電梯),見其他登記事項,鋼筋混凝土造,0981008,91.48,1,0,1,有,有,1450000,15850,,0.0,0,二親等之間買賣承買人共2人,RPPPMLKMJIKFFBG57CA
宜蘭市,房地(土地+建物),宜蘭縣宜蘭巿延平路41巷31~60號,119.04,住,,,10410,土地2建物1車位0,全,三層,透天厝,見其他登記事項,鋼筋混凝土造,1040828,248.95,4,2,5,有,無,13600000,54629,,0.0,0,,RPXOMLKLJIKFFBG18CA
宜蘭市,房地(土地+建物),宜蘭縣宜蘭巿延平路41巷31~60號,118.6,住,,,10410,土地2建物1車位0,全,三層,透天厝,見其他登記事項,鋼筋混凝土造,1040828,249.94,4,2,4,有,無,13700000,54813,,0.0,0,,RPOPMLKLJIKFFBG37CA
宜蘭市,房地(土地+建物),宜蘭縣宜蘭巿延平路41巷31~60號,122.14,住,,,10410,土地2建物1車位0,全,三層,透天厝,見其他登記事項,鋼筋混凝土造,1040828,248.95,4,2,4,有,無,13800000,55433,,0.0,0,,RPSPMLKLJIKFFBG77CA
宜蘭市,房地(土地+建物),宜蘭縣宜蘭巿西後街91~120號,220.07,商,,,10409,土地1建物1車位0,全,一層,透天厝,住家用,木造,,50.45,6,2,3,有,無,9800000,194252,,0.0,0,另含未辦保存登記建物1棟，面積：86.2㎡,RPPOMLTKJIKFFBG18CA
礁溪鄉,土地,玉光一段271~300地號,115.72,,特定農業區,遊憩用地,10410,土地2建物0車位0,,,其他,,,,0.0,0,0,0,有,無,752180,6500,,0.0,0,親友、員工或其他特殊關係間之交易。,RPROMLTKJIKFFBG38CA
宜蘭市,房地(土地+建物),宜蘭縣宜蘭巿南橋一路268巷1~30號,155.46,,特定農業區,甲種建築用地,10410,土地5建物1車位0,全,四層,透天厝,見其他登記事項,鋼筋混凝土造,1040708,260.64,4,3,5,有,無,11680000,44813,,0.0,0,,RPOOMLOLJIKFFBG67CA
宜蘭市,土地,乾門二段601~630地號,2.5,住,,,10410,土地1建物0車位0,,,其他,,,,0.0,0,0,0,有,無,130000,52000,,0.0,0,,RPUNMLNKJIKFFBG97CA
壯圍鄉,土地,新南段961~990地號,1565.0,,特定農業區,農牧用地,10410,土地1建物0車位0,,,其他,,,,0.0,0,0,0,有,無,3313887,2117,,0.0,0,,RPPPMLMKJIKFFBG57CA
礁溪鄉,土地,德陽段751~780地號,283.31,,特定農業區,農牧用地,10411,土地1建物0車位0,,,其他,,,,0.0,0,0,0,有,無,7650000,27002,,0.0,0,,RPSNMLRKJIKFFBG18CA
礁溪鄉,房地(土地+建物),宜蘭縣礁溪鄉踏踏路31~60號,100.24,,特定農業區,甲種建築用地,10410,土地1建物1車位0,全,三層,透天厝,見其他登記事項,鋼筋混凝土造,0950503,170.78,4,2,2,有,無,6880000,40286,,0.0,0,,RPPOMLRKJIKFFBG97CA
礁溪鄉,房地(土地+建物),宜蘭縣礁溪鄉茅埔路31~60號,2227.0,,特定農業區,農牧用地,10411,土地1建物1車位0,一層，二層,二層,農舍,農舍,鋼筋混凝土造,1031230,323.51,6,2,7,有,無,25300000,,,0.0,0,,RPTNMLTKJIKFFBG48CA
宜蘭市,房地(土地+建物)+車位,宜蘭縣宜蘭巿嵐峰路三段102巷1~30號,27.1,住,,,10410,土地1建物1車位1,二層,六層,華廈(10層含以下有電梯),住家用,鋼筋混凝土造,0840911,112.59,3,2,2,有,無,6000000,53291,一樓平面,0.0,0,,RPSNMLMKJIKFFBG67CA
冬山鄉,土地,寶員段241~270地號,138.12,,特定農業區,甲種建築用地,10410,土地1建物0車位0,,,其他,,,,0.0,0,0,0,有,無,2858000,20692,,0.0,0,,RPQOMLNLJIKFFAG67CA
羅東鎮,房地(土地+建物),宜蘭縣羅東鎮羅莊街1~30號,115.55,,特定農業區,甲種建築用地,10410,土地2建物1車位0,全,三層,透天厝,見其他登記事項,鋼筋混凝土造,1040918,210.61,5,2,5,有,無,7750000,36798,,0.0,0,,RPPOMLTKJIKFFAG08CA
五結鄉,房地(土地+建物)+車位,宜蘭縣五結鄉隆昌路31~60號,28.59,住,,,10410,土地2建物1車位1,二層,六層,華廈(10層含以下有電梯),見其他登記事項,鋼筋混凝土造,1020808,103.02,2,2,2,有,有,6680000,64842,一樓平面,0.0,0,,RPVPMLSKJIKFFAG68CA
羅東鎮,房地(土地+建物),宜蘭縣羅東鎮學府街31~60號,55.68,商,,,10409,土地1建物1車位0,五層,五層,華廈(10層含以下有電梯),住家用,鋼筋混凝土造,0831209,233.78,5,3,3,有,有,8350000,35717,,0.0,0,,RPWNMLLKJIKFFAG87CA
五結鄉,房地(土地+建物),宜蘭縣五結鄉中正西路41巷4弄1~30號,30.66,住,,,10410,土地2建物1車位0,一層，騎樓,六層,華廈(10層含以下有電梯),商業用,鋼筋混凝土造,0831227,133.97,0,0,1,無,無,4200000,31350,,0.0,0,,RPQNMLMKJIKFFAG37CA
羅東鎮,房地(土地+建物),宜蘭縣羅東鎮倉前路61~90號,4.67,商,,,10410,土地1建物1車位0,七層,十二層,套房(1房1廳1衛),住家用,鋼筋混凝土造,0860825,56.75,1,1,1,有,無,2500000,44053,,0.0,0,,RPRNMLMKJIKFFAG47CA
羅東鎮,房地(土地+建物),宜蘭縣羅東鎮天祥路181~210號,271.9,住,,,10409,土地3建物1車位0,全,三層,透天厝,住家用,鋼筋混凝土造,0800605,290.6,4,2,5,有,無,12000000,41294,,0.0,0,親友、員工或其他特殊關係間之交易。,RPTNMLMKJIKFFAG67CA
羅東鎮,房地(土地+建物)+車位,宜蘭縣五結鄉陽明北路1~30號,28.85,住,,,10410,土地2建物2車位1,三層,七層,華廈(10層含以下有電梯),住家用,鋼筋混凝土造,0801121,190.06,4,2,3,有,無,6000000,31569,坡道平面,0.0,0,,RPPOMLMKJIKFFAG37CA
冬山鄉,土地,義成六段511~540地號,1358.88,農,,,10411,土地1建物0車位0,,,其他,,,,0.0,0,0,0,有,無,8632000,6352,,0.0,0,農地配建農舍，由權利人出資興建，私契日期為103年7月26日。,RPSOMLNKJIKFFAG77CA
冬山鄉,土地,梅花段361~390地號,63.0,,特定農業區,農牧用地,10410,土地1建物0車位0,,,其他,,,,0.0,0,0,0,有,無,530000,8413,,0.0,0,,RPRNMLRKJIKFFAG97CA
五結鄉,房地(土地+建物),宜蘭縣五結鄉大吉二路277巷1~30號,132.03,,一般農業區,甲種建築用地,10410,土地4建物1車位0,全,三層,透天厝,住家用,見其他登記事項,1040904,182.35,2,2,3,有,無,7000000,38388,,0.0,0,本案為預售案，私契簽約日為103年8月26日。,RPSNMLRKJIKFFAG08CA
五結鄉,房地(土地+建物),宜蘭縣五結鄉大吉二路277巷1~30號,98.73,,一般農業區,甲種建築用地,10410,土地2建物1車位0,全,三層,透天厝,住家用,見其他登記事項,1040904,173.87,2,2,3,有,無,7800000,44861,,0.0,0,本案為預售案，私契簽約日為104年10月12日。,RPTNMLRKJIKFFAG18CA
五結鄉,房地(土地+建物),宜蘭縣五結鄉大吉二路277巷1~30號,94.32,,一般農業區,甲種建築用地,10410,土地2建物1車位0,全,三層,透天厝,住家用,見其他登記事項,1040904,173.87,2,2,3,有,無,6900000,39685,,0.0,0,本案為預售案，私契簽約日為103年8月27日。,RPXNMLRKJIKFFAG58CA
五結鄉,房地(土地+建物),宜蘭縣五結鄉大吉二路277巷1~30號,95.66,,一般農業區,甲種建築用地,10410,土地2建物1車位0,全,三層,透天厝,住家用,見其他登記事項,1040904,173.87,2,2,3,有,無,7250000,41698,,0.0,0,本案為預售案，私契簽約日為103年12月2日。,RPOOMLRKJIKFFAG77CA
三星鄉,土地,新日興段391~420地號,102.84,,一般農業區,甲種建築用地,10410,土地3建物0車位0,,,其他,,,,0.0,0,0,0,有,無,2084000,20264,,0.0,0,,RPQNMLQKJIKFFAG77CA
羅東鎮,房地(土地+建物),宜蘭縣羅東鎮南昌街53巷3弄1~30號,28.8,住,,,10411,土地3建物1車位0,五層,五層,公寓(5樓含以下無電梯),住家用,鋼筋混凝土造,0770210,76.33,3,1,1,有,無,3250000,42578,,0.0,0,,RPWPMLRKJIKFFAG68CA
五結鄉,房地(土地+建物),宜蘭縣五結鄉大吉二路277巷1~30號,93.5,,一般農業區,甲種建築用地,10410,土地2建物1車位0,全,三層,透天厝,住家用,見其他登記事項,1040904,173.87,2,2,3,有,無,7850000,45149,,0.0,0,1.本案為預售案，私契簽約日為104年4月20日。2.權利人共2人。,RPQOMLRKJIKFFAG97CA
五結鄉,房地(土地+建物),宜蘭縣五結鄉大吉二路277巷1~30號,93.5,,一般農業區,甲種建築用地,10410,土地2建物1車位0,全,三層,透天厝,住家用,見其他登記事項,1040904,173.87,2,2,3,有,無,7800000,44861,,0.0,0,本案為預售案，私契簽約日為104年4月8日。,RPROMLRKJIKFFAG08CA
五結鄉,房地(土地+建物),宜蘭縣五結鄉大吉二路277巷1~30號,93.5,,一般農業區,甲種建築用地,10410,土地2建物1車位0,全,三層,透天厝,住家用,見其他登記事項,1040904,173.87,2,2,3,有,無,7980000,45896,,0.0,0,本案為預售案，私契簽約日為104年5月2日。,RPSOMLRKJIKFFAG18CA
五結鄉,房地(土地+建物),宜蘭縣五結鄉大吉二路283巷1~30號,101.62,,一般農業區,甲種建築用地,10410,土地2建物1車位0,全,三層,透天厝,住家用,見其他登記事項,1040904,172.56,2,2,3,有,無,7850000,45491,,0.0,0,本案為預售案，私契簽約日為104年1月8日。,RPTOMLRKJIKFFAG28CA
五結鄉,房地(土地+建物),宜蘭縣五結鄉大吉二路283巷1~30號,103.2,,一般農業區,甲種建築用地,10410,土地2建物1車位0,全,三層,透天厝,住家用,見其他登記事項,1040904,173.87,2,2,3,有,無,7250000,41698,,0.0,0,本案為預售案，私契簽約日為103年12月7日。,RPWOMLRKJIKFFAG58CA
五結鄉,房地(土地+建物),宜蘭縣五結鄉大吉二路283巷1~30號,106.34,,一般農業區,甲種建築用地,10410,土地2建物1車位0,全,三層,透天厝,住家用,見其他登記事項,1040904,173.87,2,2,3,有,無,7250000,41698,,0.0,0,本案為預售案，私契簽約日為103年8月28日。,RPXOMLRKJIKFFAG68CA
三星鄉,土地,紅柴林段紅柴林小段481~510地號,123.0,,一般農業區,農牧用地,10410,土地1建物0車位0,,,其他,,,,0.0,0,0,0,有,無,409200,3327,,0.0,0,,RPPPMLRKJIKFFAG97CA
羅東鎮,房地(土地+建物)+車位,宜蘭縣羅東鎮北成路一段1~30號,51.31,住,,,10410,土地2建物2車位1,二層,六層,華廈(10層含以下有電梯),住家用,鋼筋混凝土造,0830419,240.19,4,2,4,有,有,7700000,32058,其他,0.0,0,二戶打通使用,RPPOMLNKJIKFFAG47CA
三星鄉,房地(土地+建物),宜蘭縣三星鄉大坑路1~30號,115.5,,特定農業區,甲種建築用地,10410,土地1建物1車位0,全,三層,透天厝,見其他登記事項,鋼筋混凝土造,0810730,159.6,3,2,2,有,無,4500000,28195,,0.0,0,,RPTOMLQKJIKFFAG18CA
冬山鄉,土地,梅花段391~420地號,51.23,,特定農業區,農牧用地,10410,土地1建物0車位0,,,其他,,,,0.0,0,0,0,有,無,232000,4529,,0.0,0,,RPWOMLQKJIKFFAG48CA
羅東鎮,房地(土地+建物),宜蘭縣羅東鎮南盟路1~30號,41.5,住,,,10410,土地2建物1車位0,二層,六層,華廈(10層含以下有電梯),住家用,鋼筋混凝土造,0900831,172.55,1,2,2,有,無,5200000,30136,,0.0,0,,RPPQMLSKJIKFFAG18CA
三星鄉,房地(土地+建物),宜蘭縣三星鄉大坑路1~30號,1529.55,,特定農業區,農牧用地,10409,土地1建物1車位0,一層，二層，三層,三層,農舍,農舍,鋼筋混凝土造,0980825,340.87,4,4,5,有,無,23500000,,,0.0,0,,RPSPMLSKJIKFFAG38CA
羅東鎮,房地(土地+建物),宜蘭縣羅東鎮羅莊街241~270號,100.4,,特定農業區,甲種建築用地,10410,土地2建物1車位0,全,四層,透天厝,住家用,見其他登記事項,1040828,216.54,5,2,6,有,無,10380000,47936,,0.0,0,,RPTPMLSKJIKFFAG48CA
羅東鎮,房地(土地+建物),宜蘭縣羅東鎮羅莊街241~270號,90.05,,特定農業區,甲種建築用地,10410,土地2建物1車位0,全,四層,透天厝,見其他登記事項,見其他登記事項,1040828,221.84,5,2,6,有,無,10380000,46790,,0.0,0,,RPUPMLSKJIKFFAG58CA
羅東鎮,房地(土地+建物),宜蘭縣羅東鎮羅莊街253巷1~30號,90.09,,特定農業區,甲種建築用地,10410,土地2建物1車位0,全,三層,透天厝,住家用,見其他登記事項,1040828,194.19,4,2,5,有,無,9680000,49848,,0.0,0,,RPPOMLSKJIKFFAG97CA
羅東鎮,房地(土地+建物),宜蘭縣羅東鎮羅莊街253巷1~30號,112.73,,特定農業區,甲種建築用地,10410,土地5建物1車位0,全,三層,透天厝,住家用,見其他登記事項,1040828,201.27,4,2,5,有,無,10280000,51076,,0.0,0,,RPROMLSKJIKFFAG18CA
羅東鎮,房地(土地+建物),宜蘭縣羅東鎮仁愛路三段420巷1~30號,945.41,,特定農業區,農牧用地,10409,土地1建物1車位0,二層，三層，一層,三層,農舍,農舍,鋼筋混凝土造,0991202,311.46,4,2,3,有,無,18350000,,,0.0,0,,RPWNMLOLJIKFFAG28CA
蘇澳鎮,房地(土地+建物),宜蘭縣蘇澳鎮思村路71巷1~30號,122.92,住,,,10410,土地2建物1車位0,全,三層,透天厝,見其他登記事項,鋼筋混凝土造,1040416,215.02,3,2,3,有,無,7600000,35346,,0.0,0,,RPPPMLKLJIKFFAG37CA
蘇澳鎮,房地(土地+建物),宜蘭縣蘇澳鎮中興一巷31~60號,76.0,,工業區,丁種建築用地,10410,土地1建物1車位0,全,三層,透天厝,見其他登記事項,鋼筋混凝土造,1040922,166.18,4,2,3,有,無,6100000,36707,,0.0,0,,RPTNMLNJKIKFFAG77CA
宜蘭市,房地(土地+建物)+車位,宜蘭縣宜蘭巿女中路二段231巷61~90號,42.74,住,,,10410,土地1建物1車位1,六層,六層,華廈(10層含以下有電梯),住家用,鋼筋混凝土造,0811223,182.66,3,2,2,有,有,5500000,30111,一樓平面,0.0,0,,RPSOMLSKJIKFFBG38CA
宜蘭市,房地(土地+建物),宜蘭縣宜蘭巿泰山路181~210號,8.82,住,,,10410,土地2建物1車位0,三層,六層,華廈(10層含以下有電梯),住家用,鋼筋混凝土造,0941011,33.760000000000005,0,0,1,無,有,1700000,50355,,0.0,0,,RPQOMLRKJIKFFBG08CA
宜蘭市,房地(土地+建物),宜蘭縣宜蘭巿進士路61~90號,28.0,住,,,10410,土地1建物1車位0,三層,十層,華廈(10層含以下有電梯),住家用,鋼筋混凝土造,0830816,129.81,3,1,2,有,有,5000000,38518,,0.0,0,,RPTOMLRKJIKFFBG38CA
頭城鎮,土地,烏石港段91~120地號,299.51,住,,,10411,土地1建物0車位0,,,其他,,,,0.0,0,0,0,有,無,14150000,47244,,0.0,0,親友、員工或其他特殊關係間之交易。,RPSNMLNKJIKFFBG77CA
宜蘭市,房地(土地+建物),宜蘭縣宜蘭巿慈安路49巷3弄1~30號,90.0,住,,,10411,土地1建物1車位0,全,三層,透天厝,見其他登記事項,鋼筋混凝土造,1040911,208.09,0,0,0,無,無,16500000,79293,,0.0,0,,RPPNMLRKJIKFFBG87CA
壯圍鄉,土地,功勞段631~660地號,1817.0,,特定農業區,農牧用地,10410,土地1建物0車位0,,,其他,,,,0.0,0,0,0,有,無,11820000,6505,,0.0,0,,RPQOMLKLJIKFFBG47CA
壯圍鄉,土地,新南段421~450地號,1332.0,,特定農業區,農牧用地,10411,土地1建物0車位0,,,其他,,,,0.0,0,0,0,有,無,4800000,3604,,0.0,0,,RPXNMLPLJIKFFBG58CA
礁溪鄉,土地,十六結新段301~330地號,908.21,,特定農業區,農牧用地,10409,土地1建物0車位0,,,其他,,,,0.0,0,0,0,有,無,4200000,4624,,0.0,0,,RPTNMLMJKIKFFBG77CA
宜蘭市,房地(土地+建物),宜蘭縣宜蘭巿中興路227巷1~30號,80.08,住,,,10410,土地2建物1車位0,全,五層,透天厝,見其他登記事項,鋼筋混凝土造,0851216,237.70999999999998,4,2,5,有,無,6420000,27008,,0.0,0,,RPPOMLNKJIKFFBG67DA
宜蘭市,土地,磚窯段1~30地號,387.87,住,,,10411,土地1建物0車位0,,,其他,,,,0.0,0,0,0,有,無,28261201,72863,,0.0,0,,RPXNMLQKJIKFFBG78EA
宜蘭市,房地(土地+建物),宜蘭縣宜蘭巿黎明二路340巷1~30號,50.28,農,,,10410,土地2建物1車位0,全,三層,透天厝,住家用,鋼筋混凝土造,0870806,97.72,4,1,2,有,無,4000000,40933,,0.0,0,買方負擔繳納之土地增值稅,RPRNMLQKJIKFFBG18EA
宜蘭市,房地(土地+建物),宜蘭縣宜蘭巿中山路五段197巷53弄1~30號,88.71,住,,,10410,土地2建物1車位0,全,三層,透天厝,住家用,鋼筋混凝土造,0951218,177.98,4,2,3,有,無,8900000,50006,,0.0,0,,RPSNMLQKJIKFFBG28EA
宜蘭市,土地,磚窯段1~30地號,758.91,住,,,10411,土地1建物0車位0,,,其他,,,,0.0,0,0,0,有,無,61660000,81248,,0.0,0,,RPVNMLKLJIKFFBG08EA
礁溪鄉,土地,保安段421~450地號,9.65,住,,,10411,土地2建物0車位0,,,其他,,,,0.0,0,0,0,有,無,200000,20725,,0.0,0,佔用鄰地,RPSOMLKLJIKFFBG87EA
礁溪鄉,土地,協天段391~420地號,72.11,其他,,,10410,土地1建物0車位0,,,其他,,,,0.0,0,0,0,有,無,7200000,99847,,0.0,0,,RPTOMLNLJIKFFBG28EA
宜蘭市,房地(土地+建物),宜蘭縣宜蘭巿復興路三段61~90號,121.47,住,,,10411,土地1建物1車位0,全,三層,透天厝,見其他登記事項,鋼筋混凝土造,1040413,270.09,4,1,3,有,無,21500000,79603,,0.0,0,,RPUNMLQKJIKFFBG48EA
宜蘭市,房地(土地+建物),宜蘭縣宜蘭巿中興路318巷1~30號,46.29,住,,,10410,土地2建物1車位0,一層,五層,公寓(5樓含以下無電梯),住家用,鋼筋混凝土造,0830319,108.55,3,2,2,有,有,5120000,47167,,0.0,0,,RPXNMLSKJIKFFBG98EA
礁溪鄉,房地(土地+建物),宜蘭縣礁溪鄉礁溪路六段162巷1~30號,162.15,,鄉村區,乙種建築用地,10410,土地1建物1車位0,全,一層,透天厝,住家用,磚造,,46.31,1,1,1,有,無,3000000,64781,,0.0,0,雙方約定買方支付增值稅及所有費用,RPTNMLSKJIKFFBG48DA
冬山鄉,土地,廣興段1081~1110地號,869.74,,特定農業區,農牧用地,10411,土地1建物0車位0,,,其他,,,,0.0,0,0,0,有,無,1315000,1512,,0.0,0,,RPUOMLQKJIKFFAG48EA
五結鄉,土地,保昌段1~30地號,1629.91,住,,,10411,土地1建物0車位0,,,其他,,,,0.0,0,0,0,有,無,112588588,69077,,0.0,0,向宜蘭縣政府承購,RPTOMLNLJIKFFAG18EA
蘇澳鎮,土地,蘇港段1~30地號,758.12,工,,,10410,土地6建物0車位0,,,其他,,,,0.0,0,0,0,有,無,8088222,,,0.0,0,協議價購,RPSOMLRLJIKFFAG48EA
蘇澳鎮,土地,蘇港段1~30地號,35.39,工,,,10410,土地1建物0車位0,,,其他,,,,0.0,0,0,0,有,無,288605,8155,,0.0,0,協議價購,RPTOMLRLJIKFFAG58EA
蘇澳鎮,土地,蘇港段1~30地號,30.33,其他,,,10410,土地4建物0車位0,,,其他,,,,0.0,0,0,0,有,無,673813,,,0.0,0,協議價購,RPUOMLRLJIKFFAG68EA
宜蘭市,土地,建蘭段1681~1710地號,432.0,,特定農業區,農牧用地,10411,土地1建物0車位0,,,其他,,,,0.0,0,0,0,有,無,4250000,9838,,0.0,0,土地上有興建溫室及植物控栽培設施建物一棟,RPWNMLMKKIKFFBG18CA
宜蘭市,房地(土地+建物),宜蘭縣宜蘭巿陽明三路31~60號,11.74,住,,,10411,土地5建物1車位0,六層,七層,套房(1房1廳1衛),住家用,鋼筋混凝土造,0850215,56.96,1,1,1,有,有,2750000,48279,,0.0,0,,RPSOMLNLJIKFFBG97CA
礁溪鄉,房地(土地+建物),宜蘭縣礁溪鄉奇峰街1~30號,18.31,住,,,10411,土地1建物1車位0,地下層,五層,公寓(5樓含以下無電梯),住家用,鋼筋混凝土造,0690612,116.23,3,0,3,有,無,3000000,25811,,0.0,0,,RPPOMLQKJIKFFBG87CA
宜蘭市,房地(土地+建物),宜蘭縣宜蘭巿女中路二段415巷1~30號,108.4,住,,,10410,土地2建物1車位0,全,四層,透天厝,見其他登記事項,鋼筋混凝土造,1040825,257.31,5,2,4,有,無,17000000,66068,,0.0,0,,RPROMLRKJIKFFBG18CA
礁溪鄉,房地(土地+建物),宜蘭縣礁溪鄉三皇路41巷1~30號,43.05,住,,,10411,土地2建物1車位0,一層,五層,華廈(10層含以下有電梯),住家用,鋼筋混凝土造,0830715,99.99000000000001,3,2,2,有,無,3250000,32503,,0.0,0,,RPSOMLRKJIKFFBG28CA
頭城鎮,房地(土地+建物),宜蘭縣頭城鎮文化路313巷2弄1~30號,115.09,住,,,10410,土地1建物1車位0,全,三層,透天厝,見其他登記事項,鋼筋混凝土造,1020701,233.57,3,2,3,有,無,13750000,58869,,0.0,0,,RPWNMLSKJIKFFBG68CA
五結鄉,土地,大吉三段1441~1470地號,269.23,,鄉村區,乙種建築用地,10411,土地2建物0車位0,,,其他,,,,0.0,0,0,0,有,無,4357000,16183,,0.0,0,1、共有土地僅出售持分。2、買受人共2人。,RPOOMLOJKIKFFAG47CA
五結鄉,土地,百松段601~630地號,1722.0,,特定農業區,農牧用地,10410,土地1建物0車位0,,,其他,,,,0.0,0,0,0,有,無,9376200,5445,,0.0,0,每坪1.8萬配建農舍，建物由買方出資興建配建私契日期102年8月15日,RPVOMLKKKIKFFAG87CA
羅東鎮,房地(土地+建物),宜蘭縣羅東鎮純精路三段151~180號,14.89,住,,,10409,土地2建物1車位0,十一層,十三層,住宅大樓(11層含以上有電梯),住家用,鋼筋混凝土造,0851109,116.65,0,0,1,無,無,6500000,55722,,0.0,0,,RPUOMLNLJIKFFAG08CA
羅東鎮,房地(土地+建物)+車位,宜蘭縣羅東鎮倉前路61~90號,16.65,其他,,,10410,土地1建物1車位1,五層,七層,華廈(10層含以下有電梯),住家用,鋼筋混凝土造,0820119,116.04,2,2,1,有,有,5200000,44812,坡道平面,0.0,0,,RPUOMLPLJIKFFAG28CA
三星鄉,房地(土地+建物),宜蘭縣三星鄉五分路一段223巷1~30號,97.65,,特定農業區,甲種建築用地,10410,土地5建物1車位0,全,四層,透天厝,住家用,鋼筋混凝土造,0900723,199.31,4,2,3,有,無,6250000,31358,,0.0,0,,RPUNMLLJKIKFFAG67CA
羅東鎮,房地(土地+建物),宜蘭縣羅東鎮羅莊街253巷1~30號,90.52,,特定農業區,甲種建築用地,10410,土地2建物1車位0,全,三層,透天厝,住家用,見其他登記事項,1040828,194.95,4,2,5,有,無,10900000,55912,,0.0,0,,RPSOMLSKJIKFFAG28CA
羅東鎮,房地(土地+建物),宜蘭縣羅東鎮羅莊街253巷1~30號,90.51,,特定農業區,甲種建築用地,10410,土地2建物1車位0,全,三層,透天厝,住家用,見其他登記事項,1040828,194.91,4,2,5,有,無,9700000,49767,,0.0,0,,RPTOMLSKJIKFFAG38CA
羅東鎮,房地(土地+建物),宜蘭縣羅東鎮羅莊街253巷1~30號,118.89,,特定農業區,甲種建築用地,10410,土地4建物1車位0,全,三層,透天厝,住家用,見其他登記事項,1040828,199.44,4,2,5,有,無,10230000,51294,,0.0,0,,RPUOMLSKJIKFFAG48CA
羅東鎮,房地(土地+建物),宜蘭縣羅東鎮豐年路31~60號,50.85,住,,,10410,土地1建物1車位0,二層,四層,公寓(5樓含以下無電梯),住家用,鋼筋混凝土造,0801220,106.03,3,2,2,有,無,3600000,33953,,0.0,0,,RPRQMLRKJIKFFAG28CA
三星鄉,房地(土地+建物),宜蘭縣三星鄉尚貴路一段601~630號,1640.0,,特定農業區,農牧用地,10411,土地1建物1車位0,一層，二層，三層，見其他登記事項,三層,農舍,農舍,見其他登記事項,1040923,407.97,5,2,6,有,無,7300000,,,0.0,0,102年劉00配建價格＄4,464,900元,103年劉00配建轉讓。地上建物由買方出資興建。,RPTNMLSKJIKFFAG28CA
三星鄉,房地(土地+建物),宜蘭縣三星鄉保安一路151~180號,500.0,,特定農業區,農牧用地,10411,土地1建物1車位0,一層,一層,其他,見其他登記事項,鋼筋混凝土造,1010713,59.86,3,3,3,有,無,12000000,,,0.0,0,農機具室。,RPOPMLQKJIKFFAG77CA
冬山鄉,房地(土地+建物),宜蘭縣冬山鄉香和路31~60號,144.8,住,,,10409,土地5建物1車位0,全,三層,透天厝,住家用,見其他登記事項,1040723,178.29,2,2,3,有,無,8150000,45712,,0.0,0,,RPVPMLRKJIKFFAG58CA
三星鄉,土地,叭哩沙段631~660地號,1958.67,,特定農業區,農牧用地,10411,土地1建物0車位0,,,其他,,,,0.0,0,0,0,有,無,17500000,8935,,0.0,0,張OO以新台幣陸佰萬元整，向原所有所人李OO購買土地，興建農舍後(含未保存建物)，再移轉給新所有權人陳OO。,RPXPMLRKJIKFFAG78CA
三星鄉,土地,義德段211~240地號,63.84,住,,,10410,土地1建物0車位0,,,其他,,,,0.0,0,0,0,有,無,1850000,28979,,0.0,0,含未辦保存建物，因佔用補貼10萬。,RPOQMLRKJIKFFAG97CA
羅東鎮,房地(土地+建物),宜蘭縣羅東鎮南昌街53巷3弄1~30號,34.2,住,,,10410,土地1建物1車位0,二層,五層,公寓(5樓含以下無電梯),住家用,鋼筋混凝土造,0770518,92.16,3,1,1,有,無,4360000,47309,,0.0,0,,RPTNMLQKJIKFFAG08CA
